Fecha,Hora,caudal m3 chamiza
12/02/2022,00:13,1.876
12/02/2022,00:43,1.876
12/02/2022,01:13,1.876
12/02/2022,01:43,1.876
12/02/2022,02:13,1.876
12/02/2022,02:43,1.876
12/02/2022,03:13,1.876
12/02/2022,03:43,1.876
12/02/2022,04:13,1.876
12/02/2022,04:43,1.876
12/02/2022,05:13,1.876
12/02/2022,05:43,1.876
12/02/2022,06:13,1.876
12/02/2022,06:43,1.876
12/02/2022,07:13,1.876
12/02/2022,07:43,1.876
12/02/2022,08:13,1.876
12/02/2022,08:43,1.876
12/02/2022,09:13,1.876
12/02/2022,09:43,1.876
12/02/2022,10:13,1.876
12/02/2022,10:43,1.876
12/02/2022,11:13,1.876
12/02/2022,11:43,1.876
12/02/2022,12:13,1.876
12/02/2022,12:43,1.876
12/02/2022,13:13,1.876
12/02/2022,13:43,1.876
12/02/2022,14:13,1.876
12/02/2022,14:43,1.876
12/02/2022,15:13,1.876
12/02/2022,15:43,1.876
12/02/2022,16:13,1.876
12/02/2022,16:43,1.876
12/02/2022,17:13,1.876
12/02/2022,17:43,1.876
12/02/2022,18:13,1.876
12/02/2022,18:43,1.876
12/02/2022,19:13,1.876
12/02/2022,19:43,1.876
12/02/2022,20:13,1.876
12/02/2022,20:43,1.876
12/02/2022,21:13,1.876
12/02/2022,21:43,1.876
12/02/2022,22:13,1.876
12/02/2022,22:43,1.876
12/02/2022,23:13,1.876
12/02/2022,23:43,1.876
13/02/2022,00:13,1.876
13/02/2022,00:43,1.876
13/02/2022,01:13,1.876
13/02/2022,01:43,1.876
13/02/2022,02:13,1.876
13/02/2022,02:43,1.876
13/02/2022,03:13,1.876
13/02/2022,03:43,1.876
13/02/2022,04:13,1.876
13/02/2022,04:43,1.876
13/02/2022,05:13,1.876
13/02/2022,05:43,1.876
13/02/2022,06:13,1.876
13/02/2022,06:43,1.876
13/02/2022,07:13,1.876
13/02/2022,07:43,1.876
13/02/2022,08:13,1.876
13/02/2022,08:43,1.876
13/02/2022,09:13,1.876
13/02/2022,09:43,1.876
13/02/2022,10:13,1.876
13/02/2022,10:43,1.876
13/02/2022,11:13,1.876
13/02/2022,11:43,1.876
13/02/2022,12:13,1.876
13/02/2022,12:43,1.876
13/02/2022,13:13,1.876
13/02/2022,13:43,1.876
13/02/2022,14:13,1.876
13/02/2022,14:43,1.876
13/02/2022,15:13,1.876
13/02/2022,15:43,1.876
13/02/2022,16:13,1.876
13/02/2022,16:43,1.876
13/02/2022,17:13,1.876
13/02/2022,17:43,1.876
13/02/2022,18:13,1.876
13/02/2022,18:43,1.876
13/02/2022,19:13,1.876
13/02/2022,19:43,1.876
13/02/2022,20:13,1.876
13/02/2022,20:43,1.876
13/02/2022,21:13,1.876
13/02/2022,21:43,1.876
13/02/2022,22:13,1.876
13/02/2022,22:43,1.876
13/02/2022,23:13,1.876
13/02/2022,23:43,1.876
14/02/2022,00:13,1.876
14/02/2022,00:43,1.876
14/02/2022,01:13,1.876
14/02/2022,01:43,1.876
14/02/2022,02:13,1.876
14/02/2022,02:43,1.876
14/02/2022,03:13,1.876
14/02/2022,03:43,1.876
14/02/2022,04:13,1.876
14/02/2022,04:43,1.876
14/02/2022,05:13,1.876
14/02/2022,05:43,1.876
14/02/2022,06:13,1.876
14/02/2022,06:43,1.876
14/02/2022,07:13,1.876
14/02/2022,07:43,1.876
14/02/2022,08:13,1.876
14/02/2022,08:43,1.876
14/02/2022,09:13,1.876
14/02/2022,09:43,1.876
14/02/2022,10:13,1.876
14/02/2022,10:43,1.876
14/02/2022,11:13,1.876
14/02/2022,11:43,1.876
14/02/2022,12:13,1.876
14/02/2022,12:43,1.876
14/02/2022,13:13,1.876
14/02/2022,13:43,1.876
14/02/2022,14:13,1.876
14/02/2022,14:43,1.876
14/02/2022,15:13,1.876
14/02/2022,15:43,1.876
14/02/2022,16:13,1.876
14/02/2022,16:43,1.876
14/02/2022,17:13,1.876
14/02/2022,17:43,1.876
14/02/2022,18:13,1.876
14/02/2022,18:43,1.876
14/02/2022,19:13,1.876
14/02/2022,19:43,1.876
14/02/2022,20:13,1.876
14/02/2022,20:43,1.876
14/02/2022,21:13,1.876
14/02/2022,21:43,1.876
14/02/2022,22:13,1.876
14/02/2022,22:43,1.876
14/02/2022,23:13,1.876
14/02/2022,23:43,1.876
15/02/2022,00:13,1.876
15/02/2022,00:43,1.876
15/02/2022,01:13,1.876
15/02/2022,01:43,1.876
15/02/2022,02:13,1.876
15/02/2022,02:43,1.876
15/02/2022,03:13,1.876
15/02/2022,03:43,1.876
15/02/2022,04:13,1.876
15/02/2022,04:43,1.876
15/02/2022,05:13,2.024
15/02/2022,05:43,2.024
15/02/2022,06:13,2.024
15/02/2022,06:43,2.024
15/02/2022,07:13,2.024
15/02/2022,07:43,2.024
15/02/2022,08:13,2.024
15/02/2022,08:43,2.024
15/02/2022,09:13,2.024
15/02/2022,09:43,2.024
15/02/2022,10:13,2.024
15/02/2022,10:43,2.024
15/02/2022,11:13,2.024
15/02/2022,11:43,2.024
15/02/2022,12:13,2.024
15/02/2022,12:43,2.024
15/02/2022,13:13,2.024
15/02/2022,13:43,2.024
15/02/2022,14:13,2.024
15/02/2022,14:43,2.024
15/02/2022,15:13,2.024
15/02/2022,15:43,2.024
15/02/2022,16:13,2.024
15/02/2022,16:43,2.024
15/02/2022,17:13,2.024
15/02/2022,17:43,2.024
15/02/2022,18:13,2.024
15/02/2022,18:43,2.024
15/02/2022,19:13,2.024
15/02/2022,19:43,2.024
15/02/2022,20:13,2.024
15/02/2022,20:43,2.024
15/02/2022,21:13,2.024
15/02/2022,21:43,2.024
15/02/2022,22:13,2.024
15/02/2022,22:43,2.024
15/02/2022,23:13,2.024
15/02/2022,23:43,2.024
16/02/2022,00:13,2.024
16/02/2022,00:43,2.024
16/02/2022,01:13,2.024
16/02/2022,01:43,2.024
16/02/2022,02:13,2.024
16/02/2022,02:43,2.024
16/02/2022,03:13,2.024
16/02/2022,03:43,2.024
16/02/2022,04:13,2.024
16/02/2022,04:43,2.024
16/02/2022,05:13,2.024
16/02/2022,05:43,2.024
16/02/2022,06:13,2.024
16/02/2022,06:43,2.024
16/02/2022,07:13,2.024
16/02/2022,07:43,2.024
16/02/2022,08:13,2.024
16/02/2022,08:43,2.024
16/02/2022,09:13,2.024
16/02/2022,09:43,2.024
16/02/2022,10:13,2.024
16/02/2022,10:43,2.024
16/02/2022,11:13,2.024
16/02/2022,11:43,2.024
16/02/2022,12:13,2.024
16/02/2022,12:43,2.024
16/02/2022,13:13,2.024
16/02/2022,13:43,2.024
16/02/2022,14:13,2.024
16/02/2022,14:43,2.024
16/02/2022,15:13,2.024
16/02/2022,15:43,2.024
16/02/2022,16:13,2.024
16/02/2022,16:43,2.024
16/02/2022,17:13,2.024
16/02/2022,17:43,2.024
16/02/2022,18:13,2.024
16/02/2022,18:43,2.024
16/02/2022,19:13,2.024
16/02/2022,19:43,2.024
16/02/2022,20:13,2.024
16/02/2022,20:43,2.024
16/02/2022,21:13,2.024
16/02/2022,21:43,2.024
16/02/2022,22:13,2.024
16/02/2022,22:43,2.024
16/02/2022,23:13,2.024
16/02/2022,23:43,2.024
17/02/2022,00:13,2.024
17/02/2022,00:43,2.024
17/02/2022,01:13,2.024
17/02/2022,01:43,2.024
17/02/2022,02:13,2.024
17/02/2022,02:43,2.024
17/02/2022,03:13,2.024
17/02/2022,03:43,2.024
17/02/2022,04:13,2.024
17/02/2022,04:43,2.024
17/02/2022,05:13,2.024
17/02/2022,05:43,2.024
17/02/2022,06:13,2.024
17/02/2022,06:43,2.024
17/02/2022,07:13,2.024
17/02/2022,07:43,2.024
17/02/2022,08:13,2.024
17/02/2022,08:43,2.024
17/02/2022,09:13,2.024
17/02/2022,09:43,2.024
17/02/2022,10:13,2.024
17/02/2022,10:43,2.024
17/02/2022,11:13,2.024
17/02/2022,11:43,2.024
17/02/2022,12:13,2.024
17/02/2022,12:43,2.024
17/02/2022,13:13,2.024
17/02/2022,13:43,2.024
17/02/2022,14:13,2.024
17/02/2022,14:43,2.024
17/02/2022,15:13,2.024
17/02/2022,15:43,2.024
17/02/2022,16:13,2.024
17/02/2022,16:43,2.024
17/02/2022,17:13,2.024
17/02/2022,17:43,2.024
17/02/2022,18:13,2.024
17/02/2022,18:43,2.024
17/02/2022,19:13,2.024
17/02/2022,19:43,2.024
17/02/2022,20:13,2.024
17/02/2022,20:43,2.024
17/02/2022,21:13,2.024
17/02/2022,21:43,2.024
17/02/2022,22:13,2.024
17/02/2022,22:43,2.024
17/02/2022,23:13,2.024
17/02/2022,23:43,2.024
18/02/2022,00:13,2.024
18/02/2022,00:43,2.024
18/02/2022,01:13,2.024
18/02/2022,01:43,2.024
18/02/2022,02:13,2.024
18/02/2022,02:43,2.024
18/02/2022,03:13,2.024
18/02/2022,03:43,1.876
18/02/2022,04:13,1.876
18/02/2022,04:43,1.876
18/02/2022,05:13,2.024
18/02/2022,05:43,1.876
18/02/2022,06:13,1.876
18/02/2022,06:43,1.876
18/02/2022,07:13,1.876
18/02/2022,07:43,1.876
18/02/2022,08:13,1.876
18/02/2022,08:43,1.876
18/02/2022,09:13,1.876
18/02/2022,09:43,1.876
18/02/2022,10:13,1.876
18/02/2022,10:43,1.876
18/02/2022,11:13,1.876
18/02/2022,11:43,1.876
18/02/2022,12:13,1.876
18/02/2022,12:43,1.876
18/02/2022,13:13,1.876
18/02/2022,13:43,1.876
18/02/2022,14:13,1.876
18/02/2022,14:43,1.876
18/02/2022,15:13,1.876
18/02/2022,15:43,1.876
18/02/2022,16:13,1.876
18/02/2022,16:43,1.876
18/02/2022,17:13,1.876
18/02/2022,17:43,1.876
18/02/2022,18:13,1.876
18/02/2022,18:43,1.876
18/02/2022,19:13,1.876
18/02/2022,19:43,1.876
18/02/2022,20:13,1.876
18/02/2022,20:43,1.876
18/02/2022,21:13,1.876
18/02/2022,22:43,1.876
18/02/2022,23:13,1.876
18/02/2022,23:43,1.876
19/02/2022,00:13,1.876
19/02/2022,00:43,1.876
19/02/2022,01:13,1.876
19/02/2022,01:43,1.876
19/02/2022,02:13,1.876
19/02/2022,02:43,1.876
19/02/2022,03:13,1.876
19/02/2022,03:43,1.876
19/02/2022,04:13,1.876
19/02/2022,04:43,1.876
19/02/2022,05:13,1.876
19/02/2022,05:43,1.876
19/02/2022,06:13,1.876
19/02/2022,06:43,1.876
19/02/2022,07:13,1.876
19/02/2022,07:43,1.876
19/02/2022,08:13,1.876
19/02/2022,08:43,1.876
19/02/2022,09:13,1.876
19/02/2022,09:43,1.876
19/02/2022,10:13,1.876
19/02/2022,10:43,1.876
19/02/2022,11:13,1.876
19/02/2022,11:43,1.876
19/02/2022,12:13,1.876
19/02/2022,12:43,1.876
19/02/2022,13:13,2.024
19/02/2022,13:43,2.024
19/02/2022,14:13,2.024
19/02/2022,14:43,2.024
19/02/2022,15:13,2.024
19/02/2022,15:43,2.024
19/02/2022,16:13,2.172
19/02/2022,16:43,2.172
19/02/2022,17:13,2.172
19/02/2022,17:43,2.320
19/02/2022,18:13,2.320
19/02/2022,18:43,2.172
19/02/2022,19:13,2.172
19/02/2022,19:43,2.172
19/02/2022,20:13,2.172
19/02/2022,20:43,2.172
19/02/2022,21:13,2.320
19/02/2022,21:43,2.320
19/02/2022,22:13,2.320
19/02/2022,22:43,2.468
19/02/2022,23:13,2.468
19/02/2022,23:43,2.468
20/02/2022,00:13,2.645
20/02/2022,00:43,2.645
20/02/2022,01:13,2.821
20/02/2022,01:43,2.998
20/02/2022,02:13,2.998
20/02/2022,02:43,2.998
20/02/2022,03:13,3.174
20/02/2022,03:43,3.351
20/02/2022,04:13,3.351
20/02/2022,04:43,3.556
20/02/2022,05:13,3.556
20/02/2022,05:43,3.351
20/02/2022,06:13,3.351
20/02/2022,06:43,3.351
20/02/2022,07:13,3.351
20/02/2022,07:43,3.351
20/02/2022,08:13,3.174
20/02/2022,08:43,3.174
20/02/2022,09:13,3.174
20/02/2022,09:43,3.174
20/02/2022,10:13,2.998
20/02/2022,10:43,2.998
20/02/2022,11:13,2.998
20/02/2022,11:43,2.821
20/02/2022,12:13,2.821
20/02/2022,12:43,2.821
20/02/2022,13:13,2.821
20/02/2022,13:43,2.821
20/02/2022,14:13,2.821
20/02/2022,14:43,2.645
20/02/2022,15:13,2.645
20/02/2022,15:43,2.645
20/02/2022,16:13,2.645
20/02/2022,16:43,2.645
20/02/2022,17:13,2.645
20/02/2022,17:43,2.468
20/02/2022,18:13,2.468
20/02/2022,18:43,2.468
20/02/2022,19:13,2.468
20/02/2022,19:43,2.468
20/02/2022,20:13,2.468
20/02/2022,20:43,2.468
20/02/2022,21:13,2.468
20/02/2022,21:43,2.468
20/02/2022,22:13,2.468
20/02/2022,22:43,2.468
20/02/2022,23:13,2.468
20/02/2022,23:43,2.468
21/02/2022,00:13,2.320
21/02/2022,00:43,2.320
21/02/2022,01:13,2.320
21/02/2022,01:43,2.320
21/02/2022,02:13,2.320
21/02/2022,02:43,2.320
21/02/2022,03:13,2.320
21/02/2022,03:43,2.320
21/02/2022,04:13,2.320
21/02/2022,04:43,2.320
21/02/2022,05:13,2.320
21/02/2022,05:43,2.320
21/02/2022,06:13,2.320
21/02/2022,06:43,2.320
21/02/2022,07:13,2.320
21/02/2022,07:43,2.320
21/02/2022,08:13,2.320
21/02/2022,08:43,2.320
21/02/2022,09:13,2.320
21/02/2022,09:43,2.320
21/02/2022,10:13,2.320
21/02/2022,10:43,2.320
21/02/2022,11:13,2.320
21/02/2022,11:43,2.172
21/02/2022,12:13,2.172
21/02/2022,12:43,2.172
21/02/2022,13:13,2.172
21/02/2022,13:43,2.172
21/02/2022,14:13,2.172
21/02/2022,14:43,2.172
21/02/2022,15:13,2.172
21/02/2022,15:43,2.172
21/02/2022,16:13,2.172
21/02/2022,16:43,2.172
21/02/2022,17:13,2.172
21/02/2022,17:43,2.172
21/02/2022,18:13,2.172
21/02/2022,18:43,2.172
21/02/2022,19:13,2.172
21/02/2022,19:43,2.172
21/02/2022,20:13,2.172
21/02/2022,20:43,2.172
21/02/2022,21:13,2.172
21/02/2022,21:43,2.172
21/02/2022,22:13,2.172
21/02/2022,22:43,2.172
21/02/2022,23:13,2.172
21/02/2022,23:43,2.172
22/02/2022,00:13,2.172
22/02/2022,00:43,2.172
22/02/2022,01:13,2.172
22/02/2022,01:43,2.172
22/02/2022,02:13,2.024
22/02/2022,02:43,2.024
22/02/2022,03:13,2.024
22/02/2022,03:43,2.024
22/02/2022,04:13,2.024
22/02/2022,04:43,2.024
22/02/2022,05:13,2.024
22/02/2022,05:43,2.024
22/02/2022,06:13,2.024
22/02/2022,06:43,2.024
22/02/2022,07:13,2.024
22/02/2022,07:43,2.024
22/02/2022,08:13,2.024
22/02/2022,08:43,2.024
22/02/2022,09:13,2.024
22/02/2022,09:43,2.024
22/02/2022,10:13,2.024
22/02/2022,10:43,2.024
22/02/2022,11:13,2.024
22/02/2022,11:43,2.024
22/02/2022,12:13,2.024
22/02/2022,12:43,2.024
22/02/2022,13:13,2.024
22/02/2022,13:43,2.024
22/02/2022,14:13,2.024
22/02/2022,14:43,2.024
22/02/2022,15:13,2.024
22/02/2022,15:43,2.024
22/02/2022,16:13,2.024
22/02/2022,16:43,2.024
22/02/2022,17:13,2.024
22/02/2022,17:43,2.024
22/02/2022,18:13,2.024
22/02/2022,18:43,2.024
22/02/2022,19:13,2.024
22/02/2022,19:43,2.024
22/02/2022,20:13,2.024
22/02/2022,20:43,2.024
22/02/2022,21:13,2.024
22/02/2022,21:43,2.024
22/02/2022,22:13,2.024
22/02/2022,22:43,2.024
22/02/2022,23:13,2.024
22/02/2022,23:43,2.024
23/02/2022,00:13,2.024
23/02/2022,00:43,2.024
23/02/2022,01:13,2.024
23/02/2022,01:43,2.024
23/02/2022,02:13,2.024
23/02/2022,02:43,2.024
23/02/2022,03:13,2.024
23/02/2022,03:43,2.024
23/02/2022,04:13,2.024
23/02/2022,04:43,2.024
23/02/2022,05:13,2.024
23/02/2022,05:43,2.024
23/02/2022,06:13,2.024
23/02/2022,06:43,2.024
23/02/2022,07:13,2.024
23/02/2022,07:43,2.024
23/02/2022,08:13,2.024
23/02/2022,08:43,2.024
23/02/2022,09:13,2.024
23/02/2022,09:43,2.024
23/02/2022,10:13,2.024
23/02/2022,10:43,2.024
23/02/2022,11:13,2.024
23/02/2022,11:43,2.024
23/02/2022,12:13,2.024
23/02/2022,12:43,2.024
23/02/2022,13:13,2.024
23/02/2022,13:43,2.024
23/02/2022,14:13,2.024
23/02/2022,14:43,2.024
23/02/2022,15:13,2.024
23/02/2022,15:43,2.024
23/02/2022,16:13,2.024
23/02/2022,16:43,2.024
23/02/2022,17:13,2.024
23/02/2022,17:43,2.024
23/02/2022,18:13,2.024
23/02/2022,18:43,2.024
23/02/2022,19:13,2.024
23/02/2022,19:43,2.024
23/02/2022,20:13,2.172
23/02/2022,20:43,2.172
23/02/2022,21:13,2.172
23/02/2022,21:43,2.172
23/02/2022,22:13,2.172
23/02/2022,22:43,2.172
23/02/2022,23:13,2.172
23/02/2022,23:43,2.172
24/02/2022,00:13,2.172
24/02/2022,00:43,2.320
24/02/2022,01:13,2.320
24/02/2022,01:43,2.468
24/02/2022,02:13,2.645
24/02/2022,02:43,2.645
24/02/2022,03:13,2.645
24/02/2022,03:43,2.645
24/02/2022,04:13,2.645
24/02/2022,04:43,2.645
24/02/2022,05:13,2.645
24/02/2022,05:43,2.645
24/02/2022,06:13,2.645
24/02/2022,06:43,2.645
24/02/2022,07:13,2.645
24/02/2022,07:43,2.645
24/02/2022,08:13,2.645
24/02/2022,08:43,2.645
24/02/2022,09:13,2.645
24/02/2022,09:43,2.645
24/02/2022,10:13,2.645
24/02/2022,10:43,2.645
24/02/2022,11:13,2.645
24/02/2022,11:43,2.645
24/02/2022,12:13,2.645
24/02/2022,12:43,2.645
24/02/2022,13:13,2.645
24/02/2022,13:43,2.645
24/02/2022,14:13,2.645
24/02/2022,14:43,2.645
24/02/2022,15:13,2.645
24/02/2022,15:43,2.821
24/02/2022,16:13,2.645
24/02/2022,16:43,2.645
24/02/2022,17:13,2.645
24/02/2022,17:43,2.645
24/02/2022,18:13,2.645
24/02/2022,18:43,2.645
24/02/2022,19:13,2.645
24/02/2022,19:43,2.645
24/02/2022,20:13,2.645
24/02/2022,20:43,2.645
24/02/2022,21:13,2.645
24/02/2022,21:43,2.645
24/02/2022,22:13,2.821
24/02/2022,22:43,2.821
24/02/2022,23:13,2.821
24/02/2022,23:43,2.821
25/02/2022,00:13,2.821
25/02/2022,00:43,2.821
25/02/2022,01:13,2.821
25/02/2022,01:43,2.821
25/02/2022,02:13,2.821
25/02/2022,02:43,2.821
25/02/2022,03:13,2.821
25/02/2022,03:43,2.821
25/02/2022,04:13,2.998
25/02/2022,04:43,2.998
25/02/2022,05:13,2.998
25/02/2022,05:43,2.998
25/02/2022,06:13,2.998
25/02/2022,06:43,3.174
25/02/2022,07:13,3.174
25/02/2022,07:43,3.174
25/02/2022,08:13,3.351
25/02/2022,08:43,3.351
25/02/2022,09:13,3.556
25/02/2022,09:43,3.556
25/02/2022,10:13,3.556
25/02/2022,10:43,3.556
25/02/2022,11:13,3.556
25/02/2022,11:43,3.351
25/02/2022,12:13,3.351
25/02/2022,12:43,3.351
25/02/2022,13:13,3.351
25/02/2022,13:43,3.351
25/02/2022,14:13,3.351
25/02/2022,14:43,3.351
25/02/2022,15:13,3.174
25/02/2022,15:43,3.174
25/02/2022,16:13,3.174
25/02/2022,16:43,3.174
25/02/2022,17:13,2.998
25/02/2022,17:43,2.998
25/02/2022,18:13,2.998
25/02/2022,18:43,2.998
25/02/2022,19:13,2.998
25/02/2022,19:43,3.174
25/02/2022,20:13,3.174
25/02/2022,20:43,3.174
25/02/2022,21:13,3.174
25/02/2022,21:43,3.174
25/02/2022,22:13,3.174
25/02/2022,22:43,3.174
25/02/2022,23:13,3.174
25/02/2022,23:43,3.174
26/02/2022,00:13,3.174
26/02/2022,00:43,3.174
26/02/2022,01:13,3.174
26/02/2022,01:43,3.351
26/02/2022,02:13,3.351
26/02/2022,02:43,3.556
26/02/2022,03:13,3.762
26/02/2022,03:43,3.967
26/02/2022,04:13,4.173
26/02/2022,04:43,4.173
26/02/2022,05:13,4.378
26/02/2022,05:43,4.612
26/02/2022,06:13,4.846
26/02/2022,06:43,5.081
26/02/2022,07:13,5.081
26/02/2022,07:43,5.081
26/02/2022,08:13,5.081
26/02/2022,08:43,5.081
26/02/2022,09:13,4.846
26/02/2022,09:43,4.846
26/02/2022,10:13,4.846
26/02/2022,10:43,4.612
26/02/2022,11:13,4.612
26/02/2022,11:43,4.612
26/02/2022,12:13,4.378
26/02/2022,12:43,4.378
26/02/2022,13:13,4.378
26/02/2022,13:43,4.378
26/02/2022,14:13,4.173
26/02/2022,14:43,4.173
26/02/2022,15:13,4.173
26/02/2022,15:43,4.173
26/02/2022,16:13,3.967
26/02/2022,16:43,3.967
26/02/2022,17:13,3.967
26/02/2022,17:43,3.967
26/02/2022,18:13,3.762
26/02/2022,18:43,3.762
26/02/2022,19:13,3.762
26/02/2022,19:43,3.762
26/02/2022,20:13,3.762
26/02/2022,20:43,3.762
26/02/2022,21:13,3.556
26/02/2022,21:43,3.556
26/02/2022,22:13,3.556
26/02/2022,22:43,3.556
26/02/2022,23:13,3.556
26/02/2022,23:43,3.556
27/02/2022,00:13,3.556
27/02/2022,00:43,3.556
27/02/2022,01:13,3.556
27/02/2022,01:43,3.556
27/02/2022,02:13,3.556
27/02/2022,02:43,3.556
27/02/2022,03:13,3.556
27/02/2022,03:43,3.556
27/02/2022,04:13,3.556
27/02/2022,04:43,3.556
27/02/2022,05:13,3.556
27/02/2022,05:43,3.556
27/02/2022,06:13,3.556
27/02/2022,06:43,3.762
27/02/2022,07:13,3.762
27/02/2022,07:43,3.762
27/02/2022,08:13,4.173
27/02/2022,08:43,4.378
27/02/2022,09:13,4.846
27/02/2022,09:43,5.081
27/02/2022,10:13,5.315
27/02/2022,10:43,5.315
27/02/2022,11:13,5.549
27/02/2022,11:43,5.549
27/02/2022,12:13,5.812
27/02/2022,12:43,5.812
27/02/2022,13:13,6.075
27/02/2022,13:43,6.338
27/02/2022,14:13,6.864
27/02/2022,14:43,7.156
27/02/2022,15:13,7.156
27/02/2022,15:43,7.156
27/02/2022,16:13,7.447
27/02/2022,16:43,7.447
27/02/2022,17:13,7.156
27/02/2022,17:43,7.156
27/02/2022,18:13,7.156
27/02/2022,18:43,7.156
27/02/2022,19:13,6.864
27/02/2022,19:43,6.864
27/02/2022,20:13,6.601
27/02/2022,20:43,6.601
27/02/2022,21:13,6.601
27/02/2022,21:43,6.601
27/02/2022,22:13,6.601
27/02/2022,22:43,6.601
27/02/2022,23:13,6.338
27/02/2022,23:43,6.338
28/02/2022,00:13,6.338
28/02/2022,00:43,6.338
28/02/2022,01:13,6.338
28/02/2022,01:43,6.338
28/02/2022,02:13,6.601
28/02/2022,02:43,6.601
28/02/2022,03:13,6.601
28/02/2022,03:43,6.601
28/02/2022,04:13,6.601
28/02/2022,04:43,6.864
28/02/2022,05:13,6.864
28/02/2022,05:43,6.864
28/02/2022,06:13,7.156
28/02/2022,06:43,7.156
28/02/2022,07:13,7.447
28/02/2022,07:43,7.739
28/02/2022,08:13,7.739
28/02/2022,08:43,8.030
28/02/2022,09:13,8.322
28/02/2022,09:43,8.642
28/02/2022,10:13,8.642
28/02/2022,10:43,8.642
28/02/2022,11:13,8.642
28/02/2022,11:43,8.322
28/02/2022,12:13,8.322
28/02/2022,12:43,8.030
28/02/2022,13:13,8.030
28/02/2022,13:43,7.739
28/02/2022,14:13,7.739
28/02/2022,14:43,7.447
28/02/2022,15:13,7.447
28/02/2022,15:43,7.156
28/02/2022,16:13,7.156
28/02/2022,16:43,6.864
28/02/2022,17:13,6.864
28/02/2022,17:43,6.864
28/02/2022,18:13,6.601
28/02/2022,18:43,6.601
28/02/2022,19:13,6.338
28/02/2022,19:43,6.338
28/02/2022,20:13,6.075
28/02/2022,20:43,6.075
28/02/2022,21:13,6.075
28/02/2022,21:43,5.812
28/02/2022,22:13,5.812
28/02/2022,22:43,5.812
28/02/2022,23:13,5.549
28/02/2022,23:43,5.549
01/03/2022,00:13,5.549
01/03/2022,00:43,5.315
01/03/2022,01:13,5.315
01/03/2022,01:43,5.315
01/03/2022,02:13,5.081
01/03/2022,02:43,5.081
01/03/2022,03:13,5.081
01/03/2022,03:43,5.081
01/03/2022,04:13,4.846
01/03/2022,04:43,4.846
01/03/2022,05:13,4.846
01/03/2022,05:43,4.846
01/03/2022,06:13,4.846
01/03/2022,06:43,4.612
01/03/2022,07:13,4.612
01/03/2022,07:43,4.612
01/03/2022,08:13,4.612
01/03/2022,08:43,4.612
01/03/2022,09:13,4.612
01/03/2022,09:43,4.612
01/03/2022,10:13,4.612
01/03/2022,10:43,4.846
01/03/2022,11:13,4.846
01/03/2022,11:43,4.846
01/03/2022,12:13,5.081
01/03/2022,12:43,5.081
01/03/2022,13:13,5.315
01/03/2022,13:43,5.549
01/03/2022,14:13,6.338
01/03/2022,14:43,6.864
01/03/2022,15:13,7.739
01/03/2022,15:43,8.642
01/03/2022,16:13,9.604
01/03/2022,16:43,10.273
01/03/2022,17:13,10.622
01/03/2022,17:43,10.971
01/03/2022,18:13,11.320
01/03/2022,18:43,11.320
01/03/2022,19:13,12.047
01/03/2022,19:43,12.803
01/03/2022,20:13,13.181
01/03/2022,20:43,13.559
01/03/2022,21:13,13.966
01/03/2022,21:43,13.966
01/03/2022,22:13,13.966
01/03/2022,22:43,13.559
01/03/2022,23:13,12.803
01/03/2022,23:43,12.425
02/03/2022,00:13,12.047
02/03/2022,00:43,11.320
02/03/2022,01:13,10.971
02/03/2022,01:43,10.622
02/03/2022,02:13,10.273
02/03/2022,02:43,9.924
02/03/2022,03:13,9.604
02/03/2022,03:43,9.283
02/03/2022,04:13,9.283
02/03/2022,04:43,8.963
02/03/2022,05:13,8.642
02/03/2022,05:43,8.642
02/03/2022,06:13,8.322
02/03/2022,06:43,8.322
02/03/2022,07:13,8.030
02/03/2022,07:43,8.030
02/03/2022,08:13,7.739
02/03/2022,08:43,7.739
02/03/2022,09:13,7.739
02/03/2022,09:43,7.739
02/03/2022,10:13,7.739
02/03/2022,10:43,7.739
02/03/2022,11:13,7.739
02/03/2022,11:43,7.739
02/03/2022,12:13,8.030
02/03/2022,12:43,8.030
02/03/2022,13:13,8.322
02/03/2022,13:43,8.322
02/03/2022,14:13,8.642
02/03/2022,14:43,8.642
02/03/2022,15:13,8.642
02/03/2022,15:43,8.963
02/03/2022,16:13,8.963
02/03/2022,16:43,8.963
02/03/2022,17:13,8.642
02/03/2022,17:43,8.642
02/03/2022,18:13,8.642
02/03/2022,18:43,8.322
02/03/2022,19:13,8.322
02/03/2022,19:43,8.322
02/03/2022,20:13,8.030
02/03/2022,20:43,8.030
02/03/2022,21:13,7.739
02/03/2022,21:43,7.739
02/03/2022,22:13,7.739
02/03/2022,22:43,7.447
02/03/2022,23:13,7.447
02/03/2022,23:43,7.447
03/03/2022,00:13,7.156
03/03/2022,00:43,7.156
03/03/2022,01:13,7.156
03/03/2022,01:43,6.864
03/03/2022,02:13,6.864
03/03/2022,02:43,6.864
03/03/2022,03:13,6.601
03/03/2022,03:43,6.601
03/03/2022,04:13,6.601
03/03/2022,04:43,6.338
03/03/2022,05:13,6.338
03/03/2022,05:43,6.338
03/03/2022,06:13,6.075
03/03/2022,06:43,6.075
03/03/2022,07:13,6.075
03/03/2022,07:43,6.075
03/03/2022,08:13,5.812
03/03/2022,08:43,5.812
03/03/2022,09:13,5.812
03/03/2022,09:43,5.812
03/03/2022,10:13,5.549
03/03/2022,10:43,5.549
03/03/2022,11:13,5.549
03/03/2022,11:43,5.549
03/03/2022,12:13,5.549
03/03/2022,12:43,5.315
03/03/2022,13:13,5.315
03/03/2022,13:43,5.549
03/03/2022,14:13,5.549
03/03/2022,14:43,5.549
03/03/2022,15:13,5.549
03/03/2022,15:43,5.812
03/03/2022,16:13,5.812
03/03/2022,16:43,5.812
03/03/2022,17:13,5.812
03/03/2022,17:43,6.075
03/03/2022,18:13,6.075
03/03/2022,18:43,6.338
03/03/2022,19:13,6.601
03/03/2022,19:43,7.447
03/03/2022,20:13,8.963
03/03/2022,20:43,13.559
03/03/2022,21:13,22.070
03/03/2022,21:43,27.052
03/03/2022,22:13,29.132
03/03/2022,22:43,29.655
03/03/2022,23:13,29.655
03/03/2022,23:43,29.655
04/03/2022,00:13,28.608
04/03/2022,00:43,27.561
04/03/2022,01:13,26.035
04/03/2022,01:43,25.017
04/03/2022,02:13,24.030
04/03/2022,02:43,23.043
04/03/2022,03:13,22.070
04/03/2022,03:43,21.113
04/03/2022,04:13,20.156
04/03/2022,04:43,19.693
04/03/2022,05:13,18.766
04/03/2022,05:43,18.302
04/03/2022,06:13,17.839
04/03/2022,06:43,16.942
04/03/2022,07:13,16.493
04/03/2022,07:43,16.045
04/03/2022,08:13,15.596
04/03/2022,08:43,15.189
04/03/2022,09:13,14.781
04/03/2022,09:43,14.374
04/03/2022,10:13,13.966
04/03/2022,10:43,13.559
04/03/2022,11:13,13.559
04/03/2022,11:43,13.181
04/03/2022,12:13,12.803
04/03/2022,12:43,12.425
04/03/2022,13:13,12.047
04/03/2022,13:43,12.047
04/03/2022,14:13,11.669
04/03/2022,14:43,11.320
04/03/2022,15:13,11.320
04/03/2022,15:43,10.971
04/03/2022,16:13,10.971
04/03/2022,16:43,10.622
04/03/2022,17:13,10.622
04/03/2022,17:43,10.273
04/03/2022,18:13,10.273
04/03/2022,18:43,9.924
04/03/2022,19:13,9.924
04/03/2022,19:43,9.924
04/03/2022,20:13,9.924
04/03/2022,20:43,9.924
04/03/2022,21:13,9.604
04/03/2022,21:43,9.604
04/03/2022,22:13,9.604
04/03/2022,22:43,9.604
04/03/2022,23:13,9.604
04/03/2022,23:43,9.604
05/03/2022,00:13,9.283
05/03/2022,00:43,9.283
05/03/2022,01:13,9.283
05/03/2022,01:43,8.963
05/03/2022,02:13,8.963
05/03/2022,02:43,8.963
05/03/2022,03:13,8.642
05/03/2022,03:43,8.642
05/03/2022,04:13,8.642
05/03/2022,04:43,8.322
05/03/2022,05:13,8.322
05/03/2022,05:43,8.322
05/03/2022,06:13,8.030
05/03/2022,06:43,8.030
05/03/2022,07:13,8.030
05/03/2022,07:43,8.030
05/03/2022,08:13,7.739
05/03/2022,08:43,7.739
05/03/2022,09:13,7.739
05/03/2022,09:43,7.739
05/03/2022,10:13,7.739
05/03/2022,10:43,7.447
05/03/2022,11:13,7.447
05/03/2022,11:43,7.447
05/03/2022,12:13,7.447
05/03/2022,12:43,7.156
05/03/2022,13:13,7.156
05/03/2022,13:43,7.156
05/03/2022,14:13,7.156
05/03/2022,14:43,6.864
05/03/2022,15:13,6.864
05/03/2022,15:43,6.864
05/03/2022,16:13,6.864
05/03/2022,16:43,6.864
05/03/2022,17:13,6.864
05/03/2022,17:43,6.864
05/03/2022,18:13,6.601
05/03/2022,18:43,6.601
05/03/2022,19:13,6.601
05/03/2022,19:43,6.601
05/03/2022,20:13,6.601
05/03/2022,20:43,6.338
05/03/2022,21:13,6.338
05/03/2022,21:43,6.338
05/03/2022,22:13,6.338
05/03/2022,22:43,6.338
05/03/2022,23:13,6.075
05/03/2022,23:43,6.075
06/03/2022,00:13,6.075
06/03/2022,00:43,6.075
06/03/2022,01:13,6.075
06/03/2022,01:43,6.075
06/03/2022,02:13,5.812
06/03/2022,02:43,5.812
06/03/2022,03:13,5.812
06/03/2022,03:43,5.812
06/03/2022,04:13,5.812
06/03/2022,04:43,5.812
06/03/2022,05:13,5.812
06/03/2022,05:43,5.549
06/03/2022,06:13,5.549
06/03/2022,06:43,5.549
06/03/2022,07:13,5.549
06/03/2022,07:43,5.549
06/03/2022,08:13,5.549
06/03/2022,08:43,5.549
06/03/2022,09:13,5.549
06/03/2022,09:43,5.549
06/03/2022,10:13,5.549
06/03/2022,10:43,5.549
06/03/2022,11:13,5.549
06/03/2022,11:43,5.549
06/03/2022,12:13,5.549
06/03/2022,12:43,5.549
06/03/2022,13:13,5.812
06/03/2022,13:43,5.812
06/03/2022,14:13,5.812
06/03/2022,14:43,6.075
06/03/2022,15:13,6.338
06/03/2022,15:43,6.338
06/03/2022,16:13,6.601
06/03/2022,16:43,6.601
06/03/2022,17:13,6.864
06/03/2022,17:43,7.156
06/03/2022,18:13,7.447
06/03/2022,18:43,7.739
06/03/2022,19:13,8.030
06/03/2022,19:43,8.642
06/03/2022,20:13,8.963
06/03/2022,20:43,9.604
06/03/2022,21:13,9.924
06/03/2022,21:43,10.622
06/03/2022,22:13,10.971
06/03/2022,22:43,11.320
06/03/2022,23:13,11.669
06/03/2022,23:43,11.669
07/03/2022,00:13,11.669
07/03/2022,00:43,11.669
07/03/2022,01:13,12.047
07/03/2022,01:43,12.047
07/03/2022,02:13,12.425
07/03/2022,02:43,12.803
07/03/2022,03:13,13.181
07/03/2022,03:43,13.559
07/03/2022,04:13,13.966
07/03/2022,04:43,13.966
07/03/2022,05:13,14.374
07/03/2022,05:43,14.781
07/03/2022,06:13,14.781
07/03/2022,06:43,15.596
07/03/2022,07:13,16.045
07/03/2022,07:43,16.942
07/03/2022,08:13,17.390
07/03/2022,08:43,18.766
07/03/2022,09:13,20.635
07/03/2022,09:43,22.549
07/03/2022,10:13,25.017
07/03/2022,10:43,26.035
07/03/2022,11:13,27.052
07/03/2022,11:43,27.561
07/03/2022,12:13,27.561
07/03/2022,12:43,27.561
07/03/2022,13:13,27.052
07/03/2022,13:43,26.543
07/03/2022,14:13,26.035
07/03/2022,14:43,26.035
07/03/2022,15:13,25.526
07/03/2022,15:43,25.017
07/03/2022,16:13,24.523
07/03/2022,16:43,24.030
07/03/2022,17:13,23.536
07/03/2022,17:43,23.043
07/03/2022,18:13,22.549
07/03/2022,18:43,22.070
07/03/2022,19:13,21.592
07/03/2022,19:43,21.113
07/03/2022,20:13,20.635
07/03/2022,20:43,19.693
07/03/2022,21:13,19.693
07/03/2022,21:43,19.229
07/03/2022,22:13,18.302
07/03/2022,22:43,17.839
07/03/2022,23:13,17.390
07/03/2022,23:43,16.942
08/03/2022,00:13,16.942
08/03/2022,00:43,16.493
08/03/2022,01:13,16.045
08/03/2022,01:43,15.596
08/03/2022,02:13,15.189
08/03/2022,02:43,14.781
08/03/2022,03:13,14.781
08/03/2022,03:43,14.374
08/03/2022,04:13,13.966
08/03/2022,04:43,13.966
08/03/2022,05:13,13.559
08/03/2022,05:43,13.181
08/03/2022,06:13,13.181
08/03/2022,06:43,12.803
08/03/2022,07:13,12.803
08/03/2022,07:43,12.425
08/03/2022,08:13,12.047
08/03/2022,08:43,12.047
08/03/2022,09:13,11.669
08/03/2022,09:43,11.669
08/03/2022,10:13,11.320
08/03/2022,10:43,11.320
08/03/2022,11:13,11.320
08/03/2022,11:43,11.320
08/03/2022,12:13,11.669
08/03/2022,12:43,11.669
08/03/2022,13:13,12.047
08/03/2022,13:43,12.047
08/03/2022,14:13,12.425
08/03/2022,14:43,12.803
08/03/2022,15:13,13.559
08/03/2022,15:43,14.781
08/03/2022,16:13,18.302
08/03/2022,16:43,26.035
08/03/2022,17:13,40.238
08/03/2022,17:43,51.260
08/03/2022,18:13,55.155
08/03/2022,18:43,55.155
08/03/2022,19:13,54.496
08/03/2022,19:43,52.549
08/03/2022,20:13,49.987
08/03/2022,20:43,47.471
08/03/2022,21:13,44.401
08/03/2022,21:43,42.005
08/03/2022,22:13,39.654
08/03/2022,22:43,37.917
08/03/2022,23:13,36.211
08/03/2022,23:43,34.534
09/03/2022,00:13,32.873
09/03/2022,00:43,31.795
09/03/2022,01:13,30.179
09/03/2022,01:43,29.655
09/03/2022,02:13,28.608
09/03/2022,02:43,27.561
09/03/2022,03:13,27.052
09/03/2022,03:43,26.035
09/03/2022,04:13,25.526
09/03/2022,04:43,25.017
09/03/2022,05:13,24.523
09/03/2022,05:43,24.030
09/03/2022,06:13,23.536
09/03/2022,06:43,23.536
09/03/2022,07:13,23.043
09/03/2022,07:43,23.043
09/03/2022,08:13,22.549
09/03/2022,08:43,22.070
09/03/2022,09:13,22.070
09/03/2022,09:43,21.592
09/03/2022,10:13,21.113
09/03/2022,10:43,20.635
09/03/2022,11:13,20.156
09/03/2022,11:43,20.156
09/03/2022,12:13,19.693
09/03/2022,12:43,19.229
09/03/2022,13:13,19.229
09/03/2022,13:43,18.766
09/03/2022,14:13,18.302
09/03/2022,14:43,18.302
09/03/2022,15:13,17.839
09/03/2022,15:43,17.390
09/03/2022,16:13,17.390
09/03/2022,16:43,16.942
09/03/2022,17:13,16.493
09/03/2022,17:43,16.493
09/03/2022,18:13,16.045
09/03/2022,18:43,16.045
09/03/2022,19:13,15.596
09/03/2022,19:43,15.189
09/03/2022,20:13,15.189
09/03/2022,20:43,14.781
09/03/2022,21:13,14.374
09/03/2022,21:43,14.374
09/03/2022,22:13,13.966
09/03/2022,22:43,13.966
09/03/2022,23:13,13.559
09/03/2022,23:43,13.559
10/03/2022,00:13,13.181
10/03/2022,00:43,13.181
10/03/2022,01:13,12.803
10/03/2022,01:43,12.803
10/03/2022,02:13,12.425
10/03/2022,02:43,12.425
10/03/2022,03:13,12.047
10/03/2022,03:43,12.047
10/03/2022,04:13,11.669
10/03/2022,04:43,11.669
10/03/2022,05:13,11.669
10/03/2022,05:43,11.320
10/03/2022,06:13,11.320
10/03/2022,06:43,10.971
10/03/2022,07:13,10.971
10/03/2022,07:43,10.971
10/03/2022,08:13,10.622
10/03/2022,08:43,10.622
10/03/2022,09:13,10.273
10/03/2022,09:43,10.273
10/03/2022,10:13,10.273
10/03/2022,10:43,9.924
10/03/2022,11:13,9.924
10/03/2022,11:43,9.924
10/03/2022,12:13,9.604
10/03/2022,12:43,9.604
10/03/2022,13:13,9.604
10/03/2022,13:43,9.604
10/03/2022,14:13,9.283
10/03/2022,14:43,9.283
10/03/2022,15:13,9.283
10/03/2022,15:43,8.963
10/03/2022,16:13,8.963
10/03/2022,16:43,8.963
10/03/2022,17:13,8.963
10/03/2022,17:43,8.642
10/03/2022,18:13,8.642
10/03/2022,18:43,8.642
10/03/2022,19:13,8.642
10/03/2022,19:43,8.322
10/03/2022,20:13,8.322
10/03/2022,20:43,8.322
10/03/2022,21:13,8.030
10/03/2022,21:43,8.030
10/03/2022,22:13,8.030
10/03/2022,22:43,7.739
10/03/2022,23:13,7.739
10/03/2022,23:43,7.739
11/03/2022,00:13,7.739
11/03/2022,00:43,7.739
11/03/2022,01:13,7.447
11/03/2022,01:43,7.447
11/03/2022,02:13,7.447
11/03/2022,02:43,7.156
11/03/2022,03:13,7.156
11/03/2022,03:43,7.156
11/03/2022,04:13,7.156
11/03/2022,04:43,7.156
11/03/2022,05:13,7.156
11/03/2022,05:43,6.864
11/03/2022,06:13,6.864
11/03/2022,06:43,6.864
11/03/2022,07:13,6.864
11/03/2022,07:43,6.864
11/03/2022,08:13,6.601
11/03/2022,08:43,6.601
11/03/2022,09:13,6.601
11/03/2022,09:43,6.601
11/03/2022,10:13,6.601
11/03/2022,10:43,6.601
11/03/2022,11:13,6.601
11/03/2022,11:43,6.338
11/03/2022,12:13,6.338
11/03/2022,12:43,6.338
11/03/2022,13:13,6.338
11/03/2022,13:43,6.338
11/03/2022,14:13,6.338
11/03/2022,14:43,6.338
11/03/2022,15:13,6.075
11/03/2022,15:43,6.075
11/03/2022,16:13,6.075
11/03/2022,16:43,6.075
11/03/2022,17:13,6.075
11/03/2022,17:43,6.075
11/03/2022,18:13,6.075
11/03/2022,18:43,5.812
11/03/2022,19:13,5.812
11/03/2022,19:43,5.812
11/03/2022,20:13,5.812
11/03/2022,20:43,5.812
11/03/2022,21:13,5.812
11/03/2022,21:43,5.812
11/03/2022,22:13,5.812
11/03/2022,22:43,5.549
11/03/2022,23:13,5.549
11/03/2022,23:43,5.549
12/03/2022,00:13,5.549
12/03/2022,00:43,5.549
12/03/2022,01:13,5.549
12/03/2022,01:43,5.549
12/03/2022,02:13,5.315
12/03/2022,02:43,5.315
12/03/2022,03:13,5.315
12/03/2022,03:43,5.315
12/03/2022,04:13,5.315
12/03/2022,04:43,5.315
12/03/2022,05:13,5.315
12/03/2022,05:43,5.315
12/03/2022,06:13,5.081
12/03/2022,06:43,5.081
12/03/2022,07:13,5.081
12/03/2022,07:43,5.081
12/03/2022,08:13,5.081
12/03/2022,08:43,5.081
12/03/2022,09:13,5.081
12/03/2022,09:43,5.081
12/03/2022,10:13,5.081
12/03/2022,10:43,5.081
12/03/2022,11:13,5.081
12/03/2022,11:43,5.081
12/03/2022,12:13,4.846
12/03/2022,12:43,4.846
12/03/2022,13:13,4.846
12/03/2022,13:43,4.846
12/03/2022,14:13,4.846
12/03/2022,14:43,4.846
12/03/2022,15:13,4.846
12/03/2022,15:43,4.846
12/03/2022,16:13,4.846
12/03/2022,16:43,4.846
12/03/2022,17:13,4.846
12/03/2022,17:43,4.612
12/03/2022,18:13,4.612
12/03/2022,18:43,4.612
12/03/2022,19:13,4.612
12/03/2022,19:43,4.612
12/03/2022,20:13,4.612
12/03/2022,20:43,4.612
12/03/2022,21:13,4.612
12/03/2022,21:43,4.612
12/03/2022,22:13,4.612
12/03/2022,22:43,4.612
12/03/2022,23:13,4.378
12/03/2022,23:43,4.378
13/03/2022,00:13,4.378
13/03/2022,00:43,4.378
13/03/2022,01:13,4.378
13/03/2022,01:43,4.378
13/03/2022,02:13,4.378
13/03/2022,02:43,4.378
13/03/2022,03:13,4.378
13/03/2022,03:43,4.378
13/03/2022,04:13,4.378
13/03/2022,04:43,4.378
13/03/2022,05:13,4.378
13/03/2022,05:43,4.173
13/03/2022,06:13,4.173
13/03/2022,06:43,4.173
13/03/2022,07:13,4.173
13/03/2022,07:43,4.173
13/03/2022,08:13,4.173
13/03/2022,08:43,4.173
13/03/2022,09:13,4.173
13/03/2022,09:43,4.173
13/03/2022,10:13,4.173
13/03/2022,10:43,4.173
13/03/2022,11:13,4.173
13/03/2022,11:43,4.173
13/03/2022,12:13,4.173
13/03/2022,12:43,4.173
13/03/2022,13:13,4.173
13/03/2022,13:43,4.173
13/03/2022,14:13,4.173
13/03/2022,14:43,4.173
13/03/2022,15:13,4.173
13/03/2022,15:43,3.967
13/03/2022,16:13,3.967
13/03/2022,16:43,3.967
13/03/2022,17:13,3.967
13/03/2022,17:43,3.967
13/03/2022,18:13,3.967
13/03/2022,18:43,3.967
13/03/2022,19:13,3.967
13/03/2022,19:43,3.967
13/03/2022,20:13,3.967
13/03/2022,20:43,3.967
13/03/2022,21:13,3.967
13/03/2022,21:43,3.967
13/03/2022,22:13,3.967
13/03/2022,22:43,3.967
13/03/2022,23:13,3.967
13/03/2022,23:43,3.762
14/03/2022,00:13,3.762
14/03/2022,00:43,3.762
14/03/2022,01:13,3.762
14/03/2022,01:43,3.762
14/03/2022,02:13,3.762
14/03/2022,02:43,3.762
14/03/2022,03:13,3.762
14/03/2022,03:43,3.762
14/03/2022,04:13,3.762
14/03/2022,04:43,3.762
14/03/2022,05:13,3.762
14/03/2022,05:43,3.762
14/03/2022,06:13,3.762
14/03/2022,06:43,3.762
14/03/2022,07:13,3.762
14/03/2022,07:43,3.762
14/03/2022,08:13,3.762
14/03/2022,08:43,3.556
14/03/2022,09:13,3.556
14/03/2022,09:43,3.556
14/03/2022,10:13,3.556
14/03/2022,10:43,3.556
14/03/2022,11:13,3.556
14/03/2022,11:43,3.556
14/03/2022,12:13,3.556
14/03/2022,12:43,3.556
14/03/2022,13:13,3.556
14/03/2022,13:43,3.556
14/03/2022,14:13,3.556
14/03/2022,14:43,3.556
14/03/2022,15:13,3.556
14/03/2022,15:43,3.556
14/03/2022,16:13,3.556
14/03/2022,16:43,3.556
14/03/2022,17:13,3.556
14/03/2022,17:43,3.556
14/03/2022,18:13,3.556
14/03/2022,18:43,3.556
14/03/2022,19:13,3.556
14/03/2022,19:43,3.556
14/03/2022,20:13,3.556
14/03/2022,20:43,3.556
14/03/2022,21:13,3.556
14/03/2022,21:43,3.351
14/03/2022,22:13,3.351
14/03/2022,22:43,3.351
14/03/2022,23:13,3.351
14/03/2022,23:43,3.351
15/03/2022,00:13,3.351
15/03/2022,00:43,3.351
15/03/2022,01:13,3.351
15/03/2022,01:43,3.351
15/03/2022,02:13,3.351
15/03/2022,02:43,3.351
15/03/2022,03:13,3.351
15/03/2022,03:43,3.351
15/03/2022,04:13,3.351
15/03/2022,04:43,3.351
15/03/2022,05:13,3.351
15/03/2022,05:43,3.351
15/03/2022,06:13,3.351
15/03/2022,06:43,3.351
15/03/2022,07:13,3.351
15/03/2022,07:43,3.351
15/03/2022,08:13,3.351
15/03/2022,08:43,3.351
15/03/2022,09:13,3.351
15/03/2022,09:43,3.174
15/03/2022,10:13,3.174
15/03/2022,10:43,3.174
15/03/2022,11:13,3.174
15/03/2022,11:43,3.174
15/03/2022,12:13,3.174
15/03/2022,12:43,3.174
15/03/2022,13:13,3.174
15/03/2022,13:43,3.174
15/03/2022,14:13,3.174
15/03/2022,14:43,3.174
15/03/2022,15:13,3.174
15/03/2022,15:43,3.174
15/03/2022,16:13,3.174
15/03/2022,16:43,3.174
15/03/2022,17:13,3.174
15/03/2022,17:43,3.174
15/03/2022,18:13,3.174
15/03/2022,18:43,3.174
15/03/2022,19:13,3.174
15/03/2022,19:43,3.174
15/03/2022,20:13,3.174
15/03/2022,20:43,3.174
15/03/2022,21:13,3.174
15/03/2022,21:43,3.174
15/03/2022,22:13,3.174
15/03/2022,22:43,3.174
15/03/2022,23:13,3.174
15/03/2022,23:43,3.174
16/03/2022,00:13,3.174
16/03/2022,00:43,3.174
16/03/2022,01:13,3.174
16/03/2022,01:43,3.174
16/03/2022,02:13,3.174
16/03/2022,02:43,3.174
16/03/2022,03:13,3.174
16/03/2022,03:43,2.998
16/03/2022,04:13,2.998
16/03/2022,04:43,2.998
16/03/2022,05:13,2.998
16/03/2022,05:43,2.998
16/03/2022,06:13,2.998
16/03/2022,06:43,2.998
16/03/2022,07:13,2.998
16/03/2022,07:43,2.998
16/03/2022,08:13,2.998
16/03/2022,08:43,2.998
16/03/2022,09:13,2.998
16/03/2022,09:43,2.998
16/03/2022,10:13,2.998
16/03/2022,10:43,2.998
16/03/2022,11:13,2.998
16/03/2022,11:43,2.998
16/03/2022,12:13,2.998
16/03/2022,12:43,2.998
16/03/2022,13:13,2.998
16/03/2022,13:43,2.998
16/03/2022,14:13,2.998
16/03/2022,14:43,2.998
16/03/2022,15:13,2.998
16/03/2022,15:43,2.998
16/03/2022,16:13,2.998
16/03/2022,16:43,2.998
16/03/2022,17:13,2.998
16/03/2022,17:43,3.174
16/03/2022,18:13,3.174
16/03/2022,18:43,3.351
16/03/2022,19:13,3.351
16/03/2022,19:43,3.351
16/03/2022,20:13,3.351
16/03/2022,20:43,3.351
16/03/2022,21:13,3.351
16/03/2022,21:43,3.351
16/03/2022,22:13,3.351
16/03/2022,22:43,3.351
16/03/2022,23:13,3.556
16/03/2022,23:43,3.556
17/03/2022,00:13,3.556
17/03/2022,00:43,3.762
17/03/2022,01:13,3.967
17/03/2022,01:43,4.173
17/03/2022,02:13,4.378
17/03/2022,02:43,4.612
17/03/2022,03:13,4.612
17/03/2022,03:43,4.612
17/03/2022,04:13,4.846
17/03/2022,04:43,4.846
17/03/2022,05:13,5.081
17/03/2022,05:43,5.081
17/03/2022,06:13,5.081
17/03/2022,06:43,5.081
17/03/2022,07:13,5.081
17/03/2022,07:43,5.081
17/03/2022,08:13,5.081
17/03/2022,08:43,5.081
17/03/2022,09:13,4.846
17/03/2022,09:43,4.846
17/03/2022,10:13,4.846
17/03/2022,10:43,4.846
17/03/2022,11:13,4.612
17/03/2022,11:43,4.612
17/03/2022,12:13,4.612
17/03/2022,12:43,4.612
17/03/2022,13:13,4.612
17/03/2022,13:43,4.378
17/03/2022,14:13,4.378
17/03/2022,14:43,4.378
17/03/2022,15:13,4.378
17/03/2022,15:43,4.378
17/03/2022,16:13,4.378
17/03/2022,16:43,4.378
17/03/2022,17:13,4.378
17/03/2022,17:43,4.378
17/03/2022,18:13,4.173
17/03/2022,18:43,4.173
17/03/2022,19:13,4.173
17/03/2022,19:43,4.173
17/03/2022,20:13,4.173
17/03/2022,20:43,4.173
17/03/2022,21:13,4.173
17/03/2022,21:43,4.173
17/03/2022,22:13,4.173
17/03/2022,22:43,4.173
17/03/2022,23:13,3.967
17/03/2022,23:43,3.967
18/03/2022,00:13,3.967
18/03/2022,00:43,3.967
18/03/2022,01:13,3.967
18/03/2022,01:43,3.967
18/03/2022,02:13,3.967
18/03/2022,02:43,3.967
18/03/2022,03:13,3.967
18/03/2022,03:43,3.762
18/03/2022,04:13,3.762
18/03/2022,04:43,3.762
18/03/2022,05:13,3.762
18/03/2022,05:43,3.762
18/03/2022,06:13,3.762
18/03/2022,06:43,3.762
18/03/2022,07:13,3.762
18/03/2022,07:43,3.762
18/03/2022,08:13,3.762
18/03/2022,08:43,3.556
18/03/2022,09:13,3.556
18/03/2022,09:43,3.556
18/03/2022,10:13,3.556
18/03/2022,10:43,3.556
18/03/2022,11:13,3.556
18/03/2022,11:43,3.556
18/03/2022,12:13,3.556
18/03/2022,12:43,3.556
18/03/2022,13:13,3.556
18/03/2022,13:43,3.556
18/03/2022,14:13,3.556
18/03/2022,14:43,3.556
18/03/2022,15:13,3.556
18/03/2022,15:43,3.351
18/03/2022,16:13,3.351
18/03/2022,16:43,3.351
18/03/2022,17:13,3.351
18/03/2022,17:43,3.351
18/03/2022,18:13,3.351
18/03/2022,18:43,3.351
18/03/2022,19:13,3.351
18/03/2022,19:43,3.351
18/03/2022,20:13,3.351
18/03/2022,20:43,3.351
18/03/2022,21:13,3.351
18/03/2022,21:43,3.351
18/03/2022,22:13,3.351
18/03/2022,22:43,3.351
18/03/2022,23:13,3.351
18/03/2022,23:43,3.351
19/03/2022,00:13,3.351
19/03/2022,00:43,3.174
19/03/2022,01:13,3.174
19/03/2022,01:43,3.174
19/03/2022,02:13,3.174
19/03/2022,02:43,3.174
19/03/2022,03:13,3.174
19/03/2022,03:43,3.174
19/03/2022,04:13,3.174
19/03/2022,04:43,3.174
19/03/2022,05:13,3.174
19/03/2022,05:43,3.174
19/03/2022,06:13,3.174
19/03/2022,06:43,3.174
19/03/2022,07:13,3.174
19/03/2022,07:43,3.174
19/03/2022,08:13,3.174
19/03/2022,08:43,3.174
19/03/2022,09:13,3.174
19/03/2022,09:43,3.174
19/03/2022,10:13,3.174
19/03/2022,10:43,3.174
19/03/2022,11:13,3.174
19/03/2022,11:43,3.174
19/03/2022,12:13,3.174
19/03/2022,12:43,3.174
19/03/2022,13:13,3.174
19/03/2022,13:43,3.174
19/03/2022,14:13,3.174
19/03/2022,14:43,2.998
19/03/2022,15:13,2.998
19/03/2022,15:43,2.998
19/03/2022,16:13,2.998
19/03/2022,16:43,2.998
19/03/2022,17:13,2.998
19/03/2022,17:43,2.998
19/03/2022,18:13,2.998
19/03/2022,18:43,2.998
19/03/2022,19:13,2.998
19/03/2022,19:43,2.998
19/03/2022,20:13,2.998
19/03/2022,20:43,2.998
19/03/2022,21:13,2.998
19/03/2022,21:43,2.998
19/03/2022,22:13,2.998
19/03/2022,22:43,2.998
19/03/2022,23:13,2.998
19/03/2022,23:43,2.998
20/03/2022,00:13,2.998
20/03/2022,00:43,2.998
20/03/2022,01:13,2.998
20/03/2022,01:43,2.998
20/03/2022,02:13,2.998
20/03/2022,02:43,2.998
20/03/2022,03:13,2.998
20/03/2022,03:43,2.998
20/03/2022,04:13,2.998
20/03/2022,04:43,2.998
20/03/2022,05:13,2.998
20/03/2022,05:43,2.998
20/03/2022,06:13,2.998
20/03/2022,06:43,2.998
20/03/2022,07:13,2.998
20/03/2022,07:43,2.998
20/03/2022,08:13,2.998
20/03/2022,08:43,2.998
20/03/2022,09:13,2.998
20/03/2022,09:43,2.998
20/03/2022,10:13,2.821
20/03/2022,10:43,2.821
20/03/2022,11:13,2.998
20/03/2022,11:43,2.821
20/03/2022,12:13,2.998
20/03/2022,12:43,2.821
20/03/2022,13:13,2.821
20/03/2022,13:43,2.821
20/03/2022,14:13,2.821
20/03/2022,14:43,2.821
20/03/2022,15:13,2.821
20/03/2022,15:43,2.821
20/03/2022,16:13,2.821
20/03/2022,16:43,2.821
20/03/2022,17:13,2.821
20/03/2022,17:43,2.821
20/03/2022,18:13,2.821
20/03/2022,18:43,2.821
20/03/2022,19:13,2.821
20/03/2022,19:43,2.821
20/03/2022,20:13,2.821
20/03/2022,20:43,2.821
20/03/2022,21:13,2.821
20/03/2022,21:43,2.821
20/03/2022,22:13,2.821
20/03/2022,22:43,2.821
20/03/2022,23:13,2.821
20/03/2022,23:43,2.821
21/03/2022,00:13,2.821
21/03/2022,00:43,2.821
21/03/2022,01:13,2.998
21/03/2022,01:43,2.998
21/03/2022,02:13,2.998
21/03/2022,02:43,2.998
21/03/2022,03:13,2.998
21/03/2022,03:43,2.998
21/03/2022,04:13,2.998
21/03/2022,04:43,2.998
21/03/2022,05:13,2.998
21/03/2022,05:43,2.998
21/03/2022,06:13,2.998
21/03/2022,06:43,2.998
21/03/2022,07:13,2.998
21/03/2022,07:43,3.174
21/03/2022,08:13,3.174
21/03/2022,08:43,3.174
21/03/2022,09:13,3.174
21/03/2022,09:43,3.174
21/03/2022,10:13,3.174
21/03/2022,10:43,3.174
21/03/2022,11:13,3.174
21/03/2022,11:43,3.174
21/03/2022,12:13,3.351
21/03/2022,12:43,3.351
21/03/2022,13:13,3.351
21/03/2022,13:43,3.351
21/03/2022,14:13,3.351
21/03/2022,14:43,3.351
21/03/2022,15:13,3.351
21/03/2022,15:43,3.351
21/03/2022,16:13,3.351
21/03/2022,16:43,3.556
21/03/2022,17:13,3.556
21/03/2022,17:43,3.556
21/03/2022,18:13,3.556
21/03/2022,18:43,3.556
21/03/2022,19:13,3.556
21/03/2022,19:43,3.762
21/03/2022,20:13,3.762
21/03/2022,20:43,3.762
21/03/2022,21:13,3.762
21/03/2022,21:43,3.762
21/03/2022,22:13,3.762
21/03/2022,22:43,3.762
21/03/2022,23:13,3.967
21/03/2022,23:43,3.967
22/03/2022,00:13,3.967
22/03/2022,00:43,3.967
22/03/2022,01:13,3.967
22/03/2022,01:43,4.173
22/03/2022,02:13,4.378
22/03/2022,02:43,4.378
22/03/2022,03:13,4.612
22/03/2022,03:43,4.846
22/03/2022,04:13,4.846
22/03/2022,04:43,4.846
22/03/2022,05:13,5.081
22/03/2022,05:43,5.081
22/03/2022,06:13,5.081
22/03/2022,06:43,5.081
22/03/2022,07:13,5.081
22/03/2022,07:43,5.081
22/03/2022,08:13,5.081
22/03/2022,08:43,5.081
22/03/2022,09:13,5.081
22/03/2022,09:43,5.081
22/03/2022,10:13,5.081
22/03/2022,10:43,5.081
22/03/2022,11:13,5.081
22/03/2022,11:43,5.081
22/03/2022,12:13,5.081
22/03/2022,12:43,4.846
22/03/2022,13:13,4.846
22/03/2022,13:43,4.846
22/03/2022,14:13,4.846
22/03/2022,14:43,4.846
22/03/2022,15:13,4.846
22/03/2022,15:43,4.846
22/03/2022,16:13,4.612
22/03/2022,16:43,4.612
22/03/2022,17:13,4.612
22/03/2022,17:43,4.612
22/03/2022,18:13,4.612
22/03/2022,18:43,4.612
22/03/2022,19:13,4.612
22/03/2022,19:43,4.612
22/03/2022,20:13,4.612
22/03/2022,20:43,4.378
22/03/2022,21:13,4.378
22/03/2022,21:43,4.378
22/03/2022,22:13,4.378
22/03/2022,22:43,4.378
22/03/2022,23:13,4.378
22/03/2022,23:43,4.378
23/03/2022,00:13,4.378
23/03/2022,00:43,4.612
23/03/2022,01:13,4.612
23/03/2022,01:43,4.612
23/03/2022,02:13,4.612
23/03/2022,02:43,4.612
23/03/2022,03:13,4.846
23/03/2022,03:43,4.846
23/03/2022,04:13,4.846
23/03/2022,04:43,5.081
23/03/2022,05:13,5.081
23/03/2022,05:43,5.315
23/03/2022,06:13,5.812
23/03/2022,06:43,6.075
23/03/2022,07:13,6.601
23/03/2022,07:43,6.864
23/03/2022,08:13,7.156
23/03/2022,08:43,7.447
23/03/2022,09:13,8.030
23/03/2022,09:43,8.963
23/03/2022,10:13,9.283
23/03/2022,10:43,9.924
23/03/2022,11:13,10.273
23/03/2022,11:43,10.273
23/03/2022,12:13,10.273
23/03/2022,12:43,10.273
23/03/2022,13:13,10.273
23/03/2022,13:43,9.924
23/03/2022,14:13,9.604
23/03/2022,14:43,9.604
23/03/2022,15:13,9.604
23/03/2022,15:43,9.283
23/03/2022,16:13,9.283
23/03/2022,16:43,8.963
23/03/2022,17:13,8.963
23/03/2022,18:43,8.322
23/03/2022,19:13,8.322
23/03/2022,19:43,8.030
23/03/2022,20:13,8.030
23/03/2022,20:43,8.030
23/03/2022,21:13,8.030
23/03/2022,21:43,7.739
23/03/2022,22:13,7.739
23/03/2022,23:43,7.739
24/03/2022,00:13,7.447
24/03/2022,00:43,7.447
24/03/2022,01:13,7.447
24/03/2022,01:43,7.447
24/03/2022,02:13,7.447
24/03/2022,02:43,7.447
24/03/2022,03:13,7.447
24/03/2022,04:43,7.156
24/03/2022,05:13,7.156
24/03/2022,05:43,7.156
24/03/2022,06:13,7.156
24/03/2022,06:43,7.156
24/03/2022,07:13,6.864
24/03/2022,07:43,6.864
24/03/2022,08:13,6.864
24/03/2022,08:43,6.864
24/03/2022,09:13,6.864
24/03/2022,09:43,6.601
24/03/2022,10:13,6.601
24/03/2022,10:43,6.601
24/03/2022,11:13,6.601
24/03/2022,11:43,6.601
24/03/2022,12:13,6.338
24/03/2022,12:43,6.338
24/03/2022,13:13,6.338
24/03/2022,13:43,6.338
24/03/2022,14:13,6.338
24/03/2022,14:43,6.075
24/03/2022,15:13,6.075
24/03/2022,15:43,6.075
24/03/2022,16:13,6.075
24/03/2022,17:43,5.812
24/03/2022,18:13,5.812
24/03/2022,18:43,5.812
24/03/2022,19:13,5.812
24/03/2022,19:43,5.812
24/03/2022,20:13,5.812
24/03/2022,20:43,5.812
24/03/2022,21:13,5.549
24/03/2022,21:43,5.549
24/03/2022,22:13,5.549
24/03/2022,22:43,5.549
24/03/2022,23:13,5.549
24/03/2022,23:43,5.549
25/03/2022,00:13,5.315
25/03/2022,00:43,5.315
25/03/2022,01:13,5.315
25/03/2022,01:43,5.315
25/03/2022,02:13,5.315
25/03/2022,02:43,5.081
25/03/2022,03:13,5.081
25/03/2022,03:43,5.081
25/03/2022,04:13,5.081
25/03/2022,04:43,5.081
25/03/2022,05:13,5.081
25/03/2022,05:43,5.081
25/03/2022,06:13,5.081
25/03/2022,06:43,4.846
25/03/2022,07:13,4.846
25/03/2022,07:43,4.846
25/03/2022,08:13,4.846
25/03/2022,08:43,4.846
25/03/2022,09:13,4.846
25/03/2022,09:43,4.846
25/03/2022,10:13,4.846
25/03/2022,10:43,4.612
25/03/2022,11:13,4.612
25/03/2022,11:43,4.612
25/03/2022,12:13,4.612
25/03/2022,12:43,4.612
25/03/2022,13:13,4.612
25/03/2022,13:43,4.612
25/03/2022,14:13,4.612
25/03/2022,14:43,4.612
25/03/2022,15:13,4.612
25/03/2022,15:43,4.612
25/03/2022,16:13,4.612
25/03/2022,16:43,4.612
25/03/2022,17:13,4.378
25/03/2022,17:43,4.378
25/03/2022,18:13,4.378
25/03/2022,18:43,4.378
25/03/2022,19:13,4.378
25/03/2022,19:43,4.378
25/03/2022,20:13,4.378
25/03/2022,22:43,4.378
25/03/2022,23:13,4.173
26/03/2022,00:43,4.173
26/03/2022,01:13,4.173
26/03/2022,01:43,4.173
26/03/2022,02:13,4.173
26/03/2022,02:43,4.173
26/03/2022,03:13,4.173
26/03/2022,03:43,4.173
26/03/2022,04:13,4.173
26/03/2022,04:43,4.173
26/03/2022,05:13,4.173
26/03/2022,05:43,3.967
26/03/2022,06:13,3.967
26/03/2022,06:43,3.967
26/03/2022,07:13,3.967
26/03/2022,07:43,3.967
26/03/2022,08:13,3.967
26/03/2022,08:43,3.967
26/03/2022,09:13,3.967
26/03/2022,10:43,3.967
26/03/2022,11:13,3.967
26/03/2022,11:43,3.967
26/03/2022,12:13,3.967
26/03/2022,12:43,3.967
26/03/2022,13:13,3.967
26/03/2022,13:43,3.967
26/03/2022,14:13,3.967
26/03/2022,14:43,3.967
26/03/2022,15:13,3.762
26/03/2022,15:43,3.762
26/03/2022,16:13,3.762
26/03/2022,16:43,3.762
26/03/2022,17:13,3.762
26/03/2022,17:43,3.762
26/03/2022,18:13,3.762
26/03/2022,18:43,3.762
26/03/2022,19:13,3.762
26/03/2022,20:43,3.762
26/03/2022,21:13,3.762
26/03/2022,22:43,3.967
26/03/2022,23:13,3.967
26/03/2022,23:43,3.967
27/03/2022,00:13,3.967
27/03/2022,00:43,4.173
27/03/2022,01:13,4.173
27/03/2022,01:43,4.173
27/03/2022,02:13,4.173
27/03/2022,05:43,5.812
27/03/2022,06:13,6.075
27/03/2022,06:43,6.601
27/03/2022,07:13,7.156
27/03/2022,08:43,8.030
27/03/2022,09:13,8.322
27/03/2022,09:43,8.322
27/03/2022,10:13,8.642
27/03/2022,10:43,8.642
27/03/2022,11:13,8.642
27/03/2022,11:43,8.642
27/03/2022,12:13,8.642
27/03/2022,12:43,8.642
27/03/2022,13:13,8.322
27/03/2022,14:43,8.030
27/03/2022,15:13,8.030
27/03/2022,15:43,8.030
27/03/2022,16:13,7.739
27/03/2022,16:43,7.739
27/03/2022,17:13,7.739
27/03/2022,17:43,7.447
27/03/2022,18:13,7.447
27/03/2022,18:43,7.447
27/03/2022,19:13,7.156
27/03/2022,20:43,7.156
27/03/2022,21:13,6.864
27/03/2022,21:43,6.864
27/03/2022,22:13,6.864
27/03/2022,22:43,6.601
27/03/2022,23:13,6.601
27/03/2022,23:43,6.601
28/03/2022,00:13,6.601
28/03/2022,00:43,6.338
28/03/2022,01:13,6.338
28/03/2022,01:43,6.338
28/03/2022,02:13,6.338
28/03/2022,02:43,6.075
28/03/2022,03:13,6.075
28/03/2022,03:43,6.075
28/03/2022,04:13,6.075
28/03/2022,04:43,6.075
28/03/2022,05:13,6.075
28/03/2022,05:43,5.812
28/03/2022,06:13,5.812
28/03/2022,06:43,5.812
28/03/2022,07:13,5.812
28/03/2022,07:43,5.812
28/03/2022,08:13,5.812
28/03/2022,08:43,5.549
28/03/2022,09:13,5.549
28/03/2022,09:43,5.549
28/03/2022,10:13,5.549
28/03/2022,10:43,5.549
28/03/2022,11:13,5.549
28/03/2022,11:43,5.549
28/03/2022,12:13,5.549
28/03/2022,12:43,5.549
28/03/2022,13:13,5.549
28/03/2022,13:43,5.812
28/03/2022,14:13,5.812
28/03/2022,14:43,6.075
28/03/2022,15:13,6.338
28/03/2022,15:43,6.338
28/03/2022,16:13,6.338
28/03/2022,16:43,6.601
28/03/2022,17:13,6.864
28/03/2022,17:43,7.447
28/03/2022,18:13,8.030
28/03/2022,18:43,8.963
28/03/2022,19:13,10.622
28/03/2022,19:43,13.181
28/03/2022,20:13,16.942
28/03/2022,20:43,19.693
28/03/2022,21:13,20.635
28/03/2022,21:43,21.113
28/03/2022,22:13,21.113
28/03/2022,22:43,21.113
28/03/2022,23:13,21.113
28/03/2022,23:43,21.113
29/03/2022,00:13,21.113
29/03/2022,00:43,21.113
29/03/2022,01:13,21.113
29/03/2022,01:43,21.592
29/03/2022,02:13,21.592
29/03/2022,02:43,21.592
29/03/2022,03:13,21.113
29/03/2022,03:43,21.113
29/03/2022,04:13,21.113
29/03/2022,04:43,20.635
29/03/2022,05:13,20.156
29/03/2022,05:43,20.156
29/03/2022,06:13,19.693
29/03/2022,06:43,19.229
29/03/2022,07:13,19.229
29/03/2022,07:43,18.766
29/03/2022,08:13,18.766
29/03/2022,08:43,18.302
29/03/2022,09:13,18.302
29/03/2022,09:43,18.302
29/03/2022,10:13,17.839
29/03/2022,10:43,17.839
29/03/2022,11:13,17.839
29/03/2022,11:43,17.839
29/03/2022,12:13,17.839
29/03/2022,12:43,17.839
29/03/2022,13:13,17.839
29/03/2022,13:43,17.839
29/03/2022,14:13,17.390
29/03/2022,14:43,17.390
29/03/2022,15:13,17.390
29/03/2022,15:43,16.942
29/03/2022,16:13,16.942
29/03/2022,16:43,16.493
29/03/2022,17:13,16.493
29/03/2022,17:43,16.045
29/03/2022,18:13,16.045
29/03/2022,18:43,15.596
29/03/2022,19:13,15.596
29/03/2022,19:43,15.189
29/03/2022,20:13,15.189
29/03/2022,20:43,14.781
29/03/2022,21:13,14.781
29/03/2022,21:43,14.374
29/03/2022,22:13,14.374
29/03/2022,22:43,14.374
29/03/2022,23:13,13.966
29/03/2022,23:43,13.966
30/03/2022,00:13,13.559
30/03/2022,00:43,13.559
30/03/2022,01:13,13.181
30/03/2022,01:43,13.181
30/03/2022,02:13,12.803
30/03/2022,02:43,12.803
30/03/2022,03:13,12.425
30/03/2022,03:43,12.425
30/03/2022,04:13,12.047
30/03/2022,04:43,12.047
30/03/2022,05:13,11.669
30/03/2022,05:43,11.669
30/03/2022,06:13,11.320
30/03/2022,06:43,11.320
30/03/2022,07:13,11.320
30/03/2022,07:43,10.971
30/03/2022,08:13,10.971
30/03/2022,08:43,10.971
30/03/2022,09:13,10.622
30/03/2022,09:43,10.622
30/03/2022,10:13,10.273
30/03/2022,10:43,10.273
30/03/2022,11:13,10.273
30/03/2022,11:43,9.924
30/03/2022,12:13,9.924
30/03/2022,12:43,9.924
30/03/2022,13:13,9.604
30/03/2022,13:43,9.604
30/03/2022,14:13,9.604
30/03/2022,14:43,9.604
30/03/2022,15:13,9.283
30/03/2022,15:43,9.283
30/03/2022,16:13,9.283
30/03/2022,16:43,9.283
30/03/2022,17:13,8.963
30/03/2022,17:43,8.963
30/03/2022,18:13,8.963
30/03/2022,18:43,8.963
30/03/2022,19:13,8.642
30/03/2022,19:43,8.642
30/03/2022,20:13,8.642
30/03/2022,20:43,8.642
30/03/2022,21:13,8.322
30/03/2022,21:43,8.322
30/03/2022,22:13,8.322
30/03/2022,22:43,8.030
30/03/2022,23:13,8.030
30/03/2022,23:43,8.030
31/03/2022,00:13,8.030
31/03/2022,00:43,7.739
31/03/2022,01:13,7.739
31/03/2022,01:43,7.739
31/03/2022,02:13,7.739
31/03/2022,02:43,7.739
31/03/2022,03:13,7.447
31/03/2022,03:43,7.447
31/03/2022,04:13,7.447
31/03/2022,04:43,7.447
31/03/2022,05:13,7.447
31/03/2022,05:43,7.156
31/03/2022,06:13,7.156
31/03/2022,06:43,7.156
31/03/2022,07:13,7.156
31/03/2022,07:43,7.156
31/03/2022,08:13,7.156
31/03/2022,08:43,6.864
31/03/2022,09:13,6.864
31/03/2022,09:43,6.864
31/03/2022,10:13,6.864
31/03/2022,10:43,6.864
31/03/2022,11:13,6.864
31/03/2022,11:43,6.601
31/03/2022,12:13,6.601
31/03/2022,12:43,6.601
31/03/2022,13:13,6.601
31/03/2022,13:43,6.601
31/03/2022,14:13,6.601
31/03/2022,14:43,6.601
31/03/2022,15:13,6.601
31/03/2022,15:43,6.338
31/03/2022,16:13,6.338
31/03/2022,16:43,6.338
31/03/2022,17:13,6.338
31/03/2022,17:43,6.338
31/03/2022,18:13,6.338
31/03/2022,18:43,6.338
31/03/2022,19:13,6.075
31/03/2022,19:43,6.075
31/03/2022,20:13,6.075
31/03/2022,20:43,6.075
31/03/2022,21:13,6.075
31/03/2022,21:43,6.075
31/03/2022,22:13,6.075
31/03/2022,22:43,6.075
31/03/2022,23:13,5.812
31/03/2022,23:43,5.812
01/04/2022,00:13,5.812
01/04/2022,00:43,5.812
01/04/2022,01:13,5.812
01/04/2022,01:43,5.812
01/04/2022,02:13,5.812
01/04/2022,02:43,5.812
01/04/2022,03:13,5.549
01/04/2022,03:43,5.549
01/04/2022,04:13,5.549
01/04/2022,04:43,5.549
01/04/2022,05:13,5.549
01/04/2022,05:43,5.549
01/04/2022,06:13,5.549
01/04/2022,06:43,5.549
01/04/2022,07:13,5.549
01/04/2022,07:43,5.549
01/04/2022,08:13,5.315
01/04/2022,08:43,5.315
01/04/2022,09:13,5.315
01/04/2022,09:43,5.315
01/04/2022,10:13,5.315
01/04/2022,10:43,5.315
01/04/2022,11:13,5.315
01/04/2022,11:43,5.315
01/04/2022,12:13,5.315
01/04/2022,12:43,5.315
01/04/2022,13:13,5.315
01/04/2022,13:43,5.081
01/04/2022,14:13,5.081
01/04/2022,14:43,5.081
01/04/2022,15:13,5.081
01/04/2022,15:43,5.081
01/04/2022,16:13,5.081
01/04/2022,16:43,5.081
01/04/2022,17:13,5.081
01/04/2022,17:43,5.081
01/04/2022,18:13,5.081
01/04/2022,18:43,5.081
01/04/2022,19:13,5.081
01/04/2022,19:43,4.846
01/04/2022,20:13,4.846
01/04/2022,20:43,4.846
01/04/2022,21:13,4.846
01/04/2022,21:43,4.846
01/04/2022,22:13,4.846
01/04/2022,22:43,4.846
01/04/2022,23:13,4.846
01/04/2022,23:43,4.846
02/04/2022,00:13,4.612
02/04/2022,00:43,4.612
02/04/2022,01:13,4.612
02/04/2022,01:43,4.612
02/04/2022,02:13,4.612
02/04/2022,02:43,4.612
02/04/2022,03:13,4.612
02/04/2022,03:43,4.612
02/04/2022,04:13,4.612
02/04/2022,04:43,4.612
02/04/2022,05:13,4.612
02/04/2022,05:43,4.612
02/04/2022,06:13,4.612
02/04/2022,06:43,4.378
02/04/2022,07:13,4.378
02/04/2022,07:43,4.378
02/04/2022,08:13,4.612
02/04/2022,08:43,4.612
02/04/2022,09:13,4.612
02/04/2022,09:43,4.612
02/04/2022,10:13,4.612
02/04/2022,10:43,4.378
02/04/2022,11:13,4.378
02/04/2022,11:43,4.612
02/04/2022,12:13,4.612
02/04/2022,12:43,4.612
02/04/2022,13:13,4.846
02/04/2022,13:43,5.081
02/04/2022,14:13,5.081
02/04/2022,14:43,5.315
02/04/2022,15:13,5.315
02/04/2022,15:43,5.315
02/04/2022,16:13,5.549
02/04/2022,16:43,5.549
02/04/2022,17:13,5.812
02/04/2022,17:43,6.338
02/04/2022,18:13,6.864
02/04/2022,18:43,7.739
02/04/2022,19:13,9.283
02/04/2022,19:43,12.803
02/04/2022,20:13,16.493
02/04/2022,20:43,18.302
02/04/2022,21:13,19.693
02/04/2022,21:43,20.635
02/04/2022,22:13,21.113
02/04/2022,22:43,20.635
02/04/2022,23:13,20.156
02/04/2022,23:43,19.229
03/04/2022,00:13,18.766
03/04/2022,00:43,18.302
03/04/2022,01:13,17.839
03/04/2022,01:43,17.390
03/04/2022,02:13,16.942
03/04/2022,02:43,16.493
03/04/2022,03:13,16.045
03/04/2022,03:43,15.596
03/04/2022,04:13,15.189
03/04/2022,04:43,14.781
03/04/2022,05:13,14.374
03/04/2022,05:43,14.374
03/04/2022,06:13,13.966
03/04/2022,06:43,13.559
03/04/2022,07:13,13.559
03/04/2022,07:43,13.181
03/04/2022,08:13,12.803
03/04/2022,08:43,12.803
03/04/2022,09:13,12.425
03/04/2022,09:43,12.047
03/04/2022,10:13,12.047
03/04/2022,10:43,11.669
03/04/2022,11:13,11.669
03/04/2022,11:43,11.320
03/04/2022,12:13,11.320
03/04/2022,12:43,10.971
03/04/2022,13:13,10.971
03/04/2022,13:43,10.971
03/04/2022,14:13,10.622
03/04/2022,14:43,10.622
03/04/2022,15:13,10.622
03/04/2022,15:43,10.273
03/04/2022,16:13,10.273
03/04/2022,16:43,9.924
03/04/2022,17:13,9.924
03/04/2022,17:43,9.924
03/04/2022,18:13,9.604
03/04/2022,18:43,9.604
03/04/2022,19:13,9.604
03/04/2022,19:43,9.604
03/04/2022,20:13,9.283
03/04/2022,20:43,9.283
03/04/2022,21:13,9.283
03/04/2022,21:43,9.283
03/04/2022,22:13,8.963
03/04/2022,22:43,8.963
03/04/2022,23:13,8.963
03/04/2022,23:43,8.963
04/04/2022,00:13,8.642
04/04/2022,00:43,8.642
04/04/2022,01:13,8.642
04/04/2022,01:43,8.642
04/04/2022,02:13,8.642
04/04/2022,02:43,8.642
04/04/2022,03:13,8.322
04/04/2022,03:43,8.322
04/04/2022,04:13,8.322
04/04/2022,04:43,8.322
04/04/2022,05:13,8.030
04/04/2022,05:43,8.030
04/04/2022,06:13,8.030
04/04/2022,06:43,8.030
04/04/2022,07:13,8.030
04/04/2022,07:43,8.030
04/04/2022,08:13,8.030
04/04/2022,08:43,8.030
04/04/2022,09:13,7.739
04/04/2022,09:43,7.739
04/04/2022,10:13,7.739
04/04/2022,10:43,7.739
04/04/2022,11:13,7.739
04/04/2022,11:43,7.739
04/04/2022,12:13,7.739
04/04/2022,12:43,7.739
04/04/2022,13:13,7.739
04/04/2022,13:43,7.739
04/04/2022,14:13,7.739
04/04/2022,14:43,7.739
04/04/2022,15:13,7.739
04/04/2022,15:43,7.739
04/04/2022,16:13,7.739
04/04/2022,16:43,7.447
04/04/2022,17:13,7.447
04/04/2022,17:43,7.447
04/04/2022,18:13,7.447
04/04/2022,18:43,7.447
04/04/2022,19:13,7.447
04/04/2022,19:43,7.447
04/04/2022,20:13,7.447
04/04/2022,20:43,7.447
04/04/2022,21:13,7.447
04/04/2022,21:43,7.447
04/04/2022,22:13,7.447
04/04/2022,22:43,7.447
04/04/2022,23:13,7.156
04/04/2022,23:43,7.156
05/04/2022,00:13,7.156
05/04/2022,00:43,7.156
05/04/2022,01:13,7.156
05/04/2022,01:43,7.447
05/04/2022,02:13,7.447
05/04/2022,02:43,7.447
05/04/2022,03:13,7.447
05/04/2022,03:43,7.739
05/04/2022,04:13,8.030
05/04/2022,04:43,8.642
05/04/2022,05:13,8.963
05/04/2022,05:43,9.283
05/04/2022,06:13,9.604
05/04/2022,06:43,9.604
05/04/2022,07:13,9.924
05/04/2022,07:43,9.924
05/04/2022,08:13,9.924
05/04/2022,08:43,10.273
05/04/2022,09:13,9.924
05/04/2022,09:43,9.924
05/04/2022,10:13,9.924
05/04/2022,10:43,9.924
05/04/2022,11:13,9.924
05/04/2022,11:43,9.924
05/04/2022,12:13,9.604
05/04/2022,12:43,9.604
05/04/2022,13:13,9.604
05/04/2022,13:43,9.604
05/04/2022,14:13,9.604
05/04/2022,14:43,9.604
05/04/2022,15:13,9.283
05/04/2022,15:43,9.283
05/04/2022,16:13,9.283
05/04/2022,16:43,9.283
05/04/2022,17:13,9.604
05/04/2022,17:43,9.604
05/04/2022,18:13,9.604
05/04/2022,18:43,9.604
05/04/2022,19:13,9.604
05/04/2022,19:43,9.604
05/04/2022,20:13,9.604
05/04/2022,20:43,9.604
05/04/2022,21:13,9.604
05/04/2022,21:43,9.604
05/04/2022,22:13,9.604
05/04/2022,22:43,9.604
05/04/2022,23:13,9.604
05/04/2022,23:43,9.604
06/04/2022,00:13,9.604
06/04/2022,00:43,9.283
06/04/2022,01:13,9.283
06/04/2022,01:43,9.283
06/04/2022,02:13,9.283
06/04/2022,02:43,8.963
06/04/2022,03:13,8.963
06/04/2022,03:43,8.963
06/04/2022,04:13,8.963
06/04/2022,04:43,8.963
06/04/2022,05:13,8.642
06/04/2022,05:43,8.642
06/04/2022,06:13,8.642
06/04/2022,06:43,8.642
06/04/2022,07:13,8.642
06/04/2022,07:43,8.322
06/04/2022,08:13,8.322
06/04/2022,08:43,8.322
06/04/2022,09:13,8.322
06/04/2022,09:43,8.322
06/04/2022,10:13,8.322
06/04/2022,10:43,8.322
06/04/2022,11:13,8.322
06/04/2022,11:43,8.322
06/04/2022,12:13,8.322
06/04/2022,12:43,8.322
06/04/2022,13:13,8.642
06/04/2022,13:43,8.642
06/04/2022,14:13,8.642
06/04/2022,14:43,8.963
06/04/2022,15:13,8.963
06/04/2022,15:43,8.963
06/04/2022,16:13,8.963
06/04/2022,16:43,8.963
06/04/2022,17:13,8.963
06/04/2022,17:43,8.963
06/04/2022,18:13,8.963
06/04/2022,18:43,8.963
06/04/2022,19:13,8.963
06/04/2022,19:43,8.963
06/04/2022,20:13,8.963
06/04/2022,20:43,8.642
06/04/2022,21:13,8.642
06/04/2022,21:43,8.642
06/04/2022,22:13,8.642
06/04/2022,22:43,8.642
06/04/2022,23:13,8.642
06/04/2022,23:43,8.322
07/04/2022,00:13,8.322
07/04/2022,00:43,8.322
07/04/2022,01:13,8.322
07/04/2022,01:43,8.322
07/04/2022,02:13,8.030
07/04/2022,02:43,8.030
07/04/2022,03:13,8.030
07/04/2022,03:43,8.030
07/04/2022,04:13,8.030
07/04/2022,04:43,8.030
07/04/2022,05:13,8.322
07/04/2022,05:43,8.322
07/04/2022,06:13,8.642
07/04/2022,06:43,8.642
07/04/2022,07:13,9.283
07/04/2022,07:43,9.604
07/04/2022,08:13,9.924
07/04/2022,08:43,9.924
07/04/2022,09:13,10.273
07/04/2022,09:43,10.622
07/04/2022,10:13,10.971
07/04/2022,10:43,10.971
07/04/2022,11:13,11.320
07/04/2022,11:43,11.320
07/04/2022,12:13,11.320
07/04/2022,12:43,11.320
07/04/2022,13:13,11.320
07/04/2022,13:43,11.320
07/04/2022,14:13,11.320
07/04/2022,14:43,11.320
07/04/2022,15:13,10.971
07/04/2022,15:43,10.971
07/04/2022,16:13,10.971
07/04/2022,16:43,10.971
07/04/2022,17:13,10.622
07/04/2022,17:43,10.622
07/04/2022,18:13,10.273
07/04/2022,18:43,10.273
07/04/2022,19:13,10.273
07/04/2022,19:43,9.924
07/04/2022,20:13,9.924
07/04/2022,20:43,9.924
07/04/2022,21:13,9.604
07/04/2022,21:43,9.604
07/04/2022,22:13,9.604
07/04/2022,22:43,9.604
07/04/2022,23:13,9.604
07/04/2022,23:43,9.283
08/04/2022,00:13,9.283
08/04/2022,00:43,9.283
08/04/2022,01:13,9.283
08/04/2022,01:43,9.283
08/04/2022,02:13,8.963
08/04/2022,02:43,8.963
08/04/2022,03:13,8.963
08/04/2022,03:43,8.963
08/04/2022,04:13,8.963
08/04/2022,04:43,8.642
08/04/2022,05:13,8.642
08/04/2022,05:43,8.642
08/04/2022,06:13,8.642
08/04/2022,06:43,8.642
08/04/2022,07:13,8.642
08/04/2022,07:43,8.322
08/04/2022,08:13,8.322
08/04/2022,08:43,8.322
08/04/2022,09:13,8.322
08/04/2022,09:43,8.030
08/04/2022,10:13,8.030
08/04/2022,10:43,8.030
08/04/2022,11:13,8.030
08/04/2022,11:43,8.030
08/04/2022,12:13,8.030
08/04/2022,12:43,7.739
08/04/2022,13:13,7.739
08/04/2022,13:43,7.739
08/04/2022,14:13,7.739
08/04/2022,14:43,7.739
08/04/2022,15:13,7.739
08/04/2022,15:43,7.447
08/04/2022,16:13,7.447
08/04/2022,16:43,7.447
08/04/2022,17:13,7.447
08/04/2022,17:43,7.447
08/04/2022,18:13,7.447
08/04/2022,18:43,7.447
08/04/2022,19:13,7.156
08/04/2022,19:43,7.156
08/04/2022,20:13,7.156
08/04/2022,20:43,7.156
08/04/2022,21:13,7.156
08/04/2022,21:43,7.156
08/04/2022,22:13,7.156
08/04/2022,22:43,6.864
08/04/2022,23:13,6.864
08/04/2022,23:43,6.864
09/04/2022,00:13,6.864
09/04/2022,00:43,6.864
09/04/2022,01:13,6.864
09/04/2022,01:43,6.864
09/04/2022,02:13,6.864
09/04/2022,02:43,6.864
09/04/2022,03:13,6.601
09/04/2022,03:43,6.601
09/04/2022,04:13,6.601
09/04/2022,04:43,6.601
09/04/2022,05:13,6.601
09/04/2022,05:43,6.601
09/04/2022,06:13,6.601
09/04/2022,06:43,6.601
09/04/2022,07:13,6.601
09/04/2022,07:43,6.338
09/04/2022,08:13,6.338
09/04/2022,08:43,6.338
09/04/2022,09:13,6.338
09/04/2022,09:43,6.338
09/04/2022,10:13,6.338
09/04/2022,10:43,6.338
09/04/2022,11:13,6.338
09/04/2022,11:43,6.338
09/04/2022,12:13,6.338
09/04/2022,12:43,6.338
09/04/2022,13:13,6.601
09/04/2022,13:43,6.601
09/04/2022,14:13,6.601
09/04/2022,14:43,6.601
09/04/2022,15:13,6.601
09/04/2022,15:43,6.864
09/04/2022,16:13,6.864
09/04/2022,16:43,7.156
09/04/2022,17:13,7.447
09/04/2022,17:43,7.447
09/04/2022,18:13,8.030
09/04/2022,18:43,8.322
09/04/2022,19:13,8.963
09/04/2022,19:43,9.604
09/04/2022,20:13,10.273
09/04/2022,20:43,11.320
09/04/2022,21:13,12.425
09/04/2022,21:43,13.559
09/04/2022,22:13,14.781
09/04/2022,22:43,15.596
09/04/2022,23:13,15.596
09/04/2022,23:43,16.045
10/04/2022,00:13,16.045
10/04/2022,00:43,16.045
10/04/2022,01:13,16.045
10/04/2022,01:43,16.045
10/04/2022,02:13,15.596
10/04/2022,02:43,15.596
10/04/2022,03:13,15.596
10/04/2022,03:43,15.596
10/04/2022,04:13,15.596
10/04/2022,04:43,15.596
10/04/2022,05:13,15.596
10/04/2022,05:43,15.596
10/04/2022,06:13,15.596
10/04/2022,06:43,15.596
10/04/2022,07:13,15.596
10/04/2022,07:43,15.596
10/04/2022,08:13,15.596
10/04/2022,08:43,15.189
10/04/2022,09:13,15.189
10/04/2022,09:43,15.189
10/04/2022,10:13,14.781
10/04/2022,10:43,14.374
10/04/2022,11:13,14.374
10/04/2022,11:43,13.966
10/04/2022,12:13,13.966
10/04/2022,12:43,13.559
10/04/2022,13:13,13.559
10/04/2022,13:43,13.559
10/04/2022,14:13,13.181
10/04/2022,14:43,13.181
10/04/2022,15:13,12.803
10/04/2022,15:43,12.803
10/04/2022,16:13,12.425
10/04/2022,16:43,12.425
10/04/2022,17:13,12.047
10/04/2022,17:43,12.047
10/04/2022,18:13,12.047
10/04/2022,18:43,11.669
10/04/2022,19:13,11.669
10/04/2022,19:43,11.669
10/04/2022,20:13,11.320
10/04/2022,20:43,11.320
10/04/2022,21:13,10.971
10/04/2022,21:43,10.971
10/04/2022,22:13,10.971
10/04/2022,22:43,10.622
10/04/2022,23:13,10.622
10/04/2022,23:43,10.622
11/04/2022,00:13,10.273
11/04/2022,00:43,10.273
11/04/2022,01:13,10.273
11/04/2022,01:43,9.924
11/04/2022,02:13,9.924
11/04/2022,02:43,9.924
11/04/2022,03:13,9.924
11/04/2022,03:43,9.604
11/04/2022,04:13,9.604
11/04/2022,04:43,9.604
11/04/2022,05:13,9.604
11/04/2022,05:43,9.604
11/04/2022,06:13,9.283
11/04/2022,06:43,9.283
11/04/2022,07:13,9.283
11/04/2022,07:43,9.283
11/04/2022,08:13,9.283
11/04/2022,08:43,8.963
11/04/2022,09:13,8.963
11/04/2022,09:43,8.963
11/04/2022,10:13,8.963
11/04/2022,10:43,8.963
11/04/2022,11:13,8.963
11/04/2022,11:43,8.963
11/04/2022,12:13,8.963
11/04/2022,12:43,8.963
11/04/2022,13:13,8.963
11/04/2022,13:43,8.963
11/04/2022,14:13,9.283
11/04/2022,14:43,9.283
11/04/2022,15:13,9.283
11/04/2022,15:43,9.283
11/04/2022,16:13,9.283
11/04/2022,16:43,9.604
11/04/2022,17:13,9.604
11/04/2022,17:43,9.604
11/04/2022,18:13,9.604
11/04/2022,18:43,9.924
11/04/2022,19:13,9.924
11/04/2022,19:43,10.273
11/04/2022,20:13,10.273
11/04/2022,20:43,10.622
11/04/2022,21:13,10.971
11/04/2022,21:43,11.669
11/04/2022,22:13,12.425
11/04/2022,22:43,13.559
11/04/2022,23:13,15.189
11/04/2022,23:43,16.942
12/04/2022,00:13,17.390
12/04/2022,00:43,18.302
12/04/2022,01:13,19.693
12/04/2022,01:43,21.113
12/04/2022,02:13,22.070
12/04/2022,02:43,22.549
12/04/2022,03:13,22.070
12/04/2022,03:43,21.592
12/04/2022,04:13,21.113
12/04/2022,04:43,20.156
12/04/2022,05:13,19.693
12/04/2022,05:43,19.229
12/04/2022,06:13,18.302
12/04/2022,06:43,17.839
12/04/2022,07:13,17.390
12/04/2022,07:43,16.942
12/04/2022,08:13,16.942
12/04/2022,08:43,16.493
12/04/2022,09:13,16.045
12/04/2022,09:43,15.596
12/04/2022,10:13,15.596
12/04/2022,10:43,15.189
12/04/2022,11:13,15.189
12/04/2022,11:43,14.781
12/04/2022,12:13,14.374
12/04/2022,12:43,14.374
12/04/2022,13:13,13.966
12/04/2022,13:43,13.966
12/04/2022,14:13,13.559
12/04/2022,14:43,13.559
12/04/2022,15:13,13.559
12/04/2022,15:43,13.181
12/04/2022,16:13,13.181
12/04/2022,16:43,12.803
12/04/2022,17:13,12.803
12/04/2022,17:43,12.425
12/04/2022,18:13,12.425
12/04/2022,18:43,12.047
12/04/2022,19:13,12.047
12/04/2022,19:43,12.047
12/04/2022,20:13,11.669
12/04/2022,20:43,11.669
12/04/2022,21:13,11.669
12/04/2022,22:43,11.320
12/04/2022,23:13,10.971
12/04/2022,23:43,10.971
13/04/2022,00:13,10.971
13/04/2022,00:43,10.622
13/04/2022,01:13,10.622
13/04/2022,01:43,10.622
13/04/2022,02:13,10.273
13/04/2022,02:43,10.273
13/04/2022,03:13,10.273
13/04/2022,03:43,9.924
13/04/2022,04:13,9.924
13/04/2022,04:43,9.924
13/04/2022,05:13,9.924
13/04/2022,05:43,9.604
13/04/2022,06:13,9.604
13/04/2022,06:43,9.604
13/04/2022,07:13,9.604
13/04/2022,07:43,9.604
13/04/2022,08:13,9.283
13/04/2022,08:43,9.283
13/04/2022,09:13,9.283
13/04/2022,09:43,9.283
13/04/2022,10:13,9.283
13/04/2022,10:43,8.963
13/04/2022,11:13,8.963
13/04/2022,11:43,8.963
13/04/2022,12:13,8.963
13/04/2022,12:43,8.963
13/04/2022,13:13,8.963
13/04/2022,13:43,8.642
13/04/2022,14:13,8.642
13/04/2022,14:43,8.642
13/04/2022,15:13,8.642
13/04/2022,15:43,8.642
13/04/2022,16:13,8.322
13/04/2022,16:43,8.322
13/04/2022,17:13,8.322
13/04/2022,17:43,8.322
13/04/2022,18:13,8.322
13/04/2022,18:43,8.030
13/04/2022,19:13,8.030
13/04/2022,19:43,8.030
13/04/2022,20:13,8.030
13/04/2022,20:43,8.030
13/04/2022,21:13,8.030
13/04/2022,21:43,7.739
13/04/2022,22:13,7.739
13/04/2022,22:43,7.739
13/04/2022,23:13,7.739
13/04/2022,23:43,7.739
14/04/2022,00:13,7.739
14/04/2022,00:43,7.739
14/04/2022,01:13,7.447
14/04/2022,01:43,7.447
14/04/2022,02:13,7.447
14/04/2022,02:43,7.447
14/04/2022,03:13,7.447
14/04/2022,03:43,7.447
14/04/2022,04:13,7.156
14/04/2022,04:43,7.156
14/04/2022,05:13,7.156
14/04/2022,05:43,7.156
14/04/2022,06:13,7.156
14/04/2022,06:43,7.156
14/04/2022,07:13,7.156
14/04/2022,07:43,7.156
14/04/2022,08:13,7.156
14/04/2022,08:43,6.864
14/04/2022,09:13,6.864
14/04/2022,09:43,6.864
14/04/2022,10:13,6.864
14/04/2022,10:43,6.864
14/04/2022,11:13,6.864
14/04/2022,11:43,6.864
14/04/2022,12:13,6.864
14/04/2022,12:43,6.864
14/04/2022,13:13,6.864
14/04/2022,13:43,6.601
14/04/2022,14:13,6.601
14/04/2022,14:43,6.601
14/04/2022,15:13,6.601
14/04/2022,15:43,6.601
14/04/2022,16:13,6.601
14/04/2022,16:43,6.601
14/04/2022,17:13,6.601
14/04/2022,17:43,6.601
14/04/2022,18:13,6.601
14/04/2022,18:43,6.601
14/04/2022,19:13,6.338
14/04/2022,19:43,6.338
14/04/2022,20:13,6.338
14/04/2022,20:43,6.338
14/04/2022,21:13,6.338
14/04/2022,21:43,6.338
14/04/2022,22:13,6.338
14/04/2022,22:43,6.075
14/04/2022,23:13,6.075
14/04/2022,23:43,6.075
15/04/2022,00:13,6.075
15/04/2022,00:43,6.075
15/04/2022,01:13,6.075
15/04/2022,01:43,6.075
15/04/2022,02:13,6.075
15/04/2022,02:43,6.075
15/04/2022,03:13,6.075
15/04/2022,03:43,6.075
15/04/2022,04:13,5.812
15/04/2022,04:43,5.812
15/04/2022,05:13,5.812
15/04/2022,05:43,5.812
15/04/2022,06:13,5.812
15/04/2022,06:43,5.812
15/04/2022,07:13,5.812
15/04/2022,07:43,5.812
15/04/2022,08:13,5.812
15/04/2022,08:43,5.812
15/04/2022,09:13,5.812
15/04/2022,09:43,5.812
15/04/2022,10:13,5.812
15/04/2022,10:43,5.812
15/04/2022,11:13,5.549
15/04/2022,11:43,5.549
15/04/2022,12:13,5.549
15/04/2022,12:43,5.549
15/04/2022,13:13,5.549
15/04/2022,13:43,5.549
15/04/2022,14:13,5.549
15/04/2022,14:43,5.549
15/04/2022,15:13,5.549
15/04/2022,15:43,5.549
15/04/2022,16:13,5.549
15/04/2022,16:43,5.549
15/04/2022,17:13,5.549
15/04/2022,17:43,5.549
15/04/2022,18:13,5.549
15/04/2022,18:43,5.549
15/04/2022,19:13,5.315
15/04/2022,19:43,5.315
15/04/2022,20:13,5.315
15/04/2022,20:43,5.315
15/04/2022,21:13,5.315
15/04/2022,21:43,5.315
15/04/2022,22:13,5.315
15/04/2022,22:43,5.315
15/04/2022,23:13,5.315
15/04/2022,23:43,5.315
16/04/2022,00:13,5.315
16/04/2022,00:43,5.315
16/04/2022,01:13,5.315
16/04/2022,01:43,5.315
16/04/2022,02:13,5.315
16/04/2022,02:43,5.081
16/04/2022,03:13,5.081
16/04/2022,03:43,5.081
16/04/2022,04:13,5.081
16/04/2022,04:43,5.081
16/04/2022,05:13,5.081
16/04/2022,05:43,5.081
16/04/2022,06:13,5.081
16/04/2022,06:43,5.081
16/04/2022,07:13,5.081
16/04/2022,07:43,5.081
16/04/2022,08:13,5.081
16/04/2022,08:43,5.081
16/04/2022,09:13,5.081
16/04/2022,09:43,5.081
16/04/2022,10:13,5.081
16/04/2022,10:43,5.081
16/04/2022,11:13,4.846
16/04/2022,11:43,4.846
16/04/2022,12:13,4.846
16/04/2022,12:43,4.846
16/04/2022,13:13,4.846
16/04/2022,13:43,4.846
16/04/2022,14:13,4.846
16/04/2022,14:43,4.846
16/04/2022,15:13,4.846
16/04/2022,15:43,4.846
16/04/2022,16:13,4.846
16/04/2022,16:43,4.846
16/04/2022,17:13,4.846
16/04/2022,17:43,4.846
16/04/2022,18:13,4.846
16/04/2022,18:43,4.846
16/04/2022,19:13,4.846
16/04/2022,19:43,4.846
16/04/2022,20:13,4.846
16/04/2022,20:43,4.846
16/04/2022,21:13,4.846
16/04/2022,21:43,4.612
16/04/2022,22:13,4.612
16/04/2022,22:43,4.612
16/04/2022,23:13,4.612
16/04/2022,23:43,4.612
17/04/2022,00:13,4.612
17/04/2022,00:43,4.612
17/04/2022,01:13,4.612
17/04/2022,01:43,4.612
17/04/2022,02:13,4.612
17/04/2022,02:43,4.612
17/04/2022,03:13,4.612
17/04/2022,03:43,4.612
17/04/2022,04:13,4.612
17/04/2022,04:43,4.612
17/04/2022,05:13,4.612
17/04/2022,05:43,4.612
17/04/2022,06:13,4.612
17/04/2022,06:43,4.612
17/04/2022,07:13,4.612
17/04/2022,07:43,4.612
17/04/2022,08:13,4.612
17/04/2022,08:43,4.612
17/04/2022,09:13,4.612
17/04/2022,09:43,4.612
17/04/2022,10:13,4.612
17/04/2022,10:43,4.612
17/04/2022,11:13,4.612
17/04/2022,11:43,4.612
17/04/2022,12:13,4.612
17/04/2022,12:43,4.612
17/04/2022,13:13,4.378
17/04/2022,13:43,4.612
17/04/2022,14:13,4.378
17/04/2022,14:43,4.378
17/04/2022,15:13,4.378
17/04/2022,15:43,4.378
17/04/2022,16:13,4.378
17/04/2022,16:43,4.378
17/04/2022,17:13,4.378
17/04/2022,17:43,4.378
17/04/2022,18:13,4.378
17/04/2022,18:43,4.378
17/04/2022,19:13,4.378
17/04/2022,19:43,4.378
17/04/2022,20:13,4.378
17/04/2022,20:43,4.378
17/04/2022,21:13,4.378
17/04/2022,21:43,4.378
17/04/2022,22:13,4.378
17/04/2022,22:43,4.378
17/04/2022,23:13,4.378
17/04/2022,23:43,4.378
18/04/2022,00:13,4.378
18/04/2022,00:43,4.378
18/04/2022,01:13,4.378
18/04/2022,01:43,4.378
18/04/2022,02:13,4.378
18/04/2022,02:43,4.378
18/04/2022,03:13,4.378
18/04/2022,03:43,4.378
18/04/2022,04:13,4.378
18/04/2022,04:43,4.378
18/04/2022,05:13,4.378
18/04/2022,05:43,4.378
18/04/2022,06:13,4.173
18/04/2022,06:43,4.173
18/04/2022,07:13,4.173
18/04/2022,07:43,4.173
18/04/2022,08:13,4.173
18/04/2022,08:43,4.173
18/04/2022,09:13,4.173
18/04/2022,09:43,4.173
18/04/2022,10:13,4.173
18/04/2022,10:43,4.173
18/04/2022,11:13,4.173
18/04/2022,11:43,4.173
18/04/2022,12:13,4.173
18/04/2022,12:43,4.173
18/04/2022,13:13,4.173
18/04/2022,13:43,4.173
18/04/2022,14:13,4.173
18/04/2022,14:43,4.173
18/04/2022,15:13,4.173
18/04/2022,15:43,3.967
18/04/2022,16:13,4.173
18/04/2022,16:43,4.173
18/04/2022,17:13,4.173
18/04/2022,17:43,3.967
18/04/2022,18:13,3.967
18/04/2022,18:43,3.967
18/04/2022,19:13,3.967
18/04/2022,19:43,3.967
18/04/2022,20:13,3.967
18/04/2022,20:43,3.967
18/04/2022,21:13,3.967
18/04/2022,21:43,3.967
18/04/2022,22:13,3.967
18/04/2022,22:43,3.967
18/04/2022,23:13,3.967
18/04/2022,23:43,3.967
19/04/2022,00:13,3.967
19/04/2022,00:43,3.967
19/04/2022,01:13,3.967
19/04/2022,01:43,3.967
19/04/2022,02:13,3.967
19/04/2022,02:43,3.967
19/04/2022,03:13,3.967
19/04/2022,03:43,3.967
19/04/2022,04:13,3.967
19/04/2022,04:43,3.967
19/04/2022,05:13,3.967
19/04/2022,05:43,3.967
19/04/2022,06:13,3.967
19/04/2022,06:43,3.967
19/04/2022,07:13,3.967
19/04/2022,07:43,3.967
19/04/2022,08:13,3.967
19/04/2022,08:43,3.967
19/04/2022,09:13,3.967
19/04/2022,09:43,3.967
19/04/2022,10:13,3.967
19/04/2022,10:43,3.967
19/04/2022,11:13,3.967
19/04/2022,11:43,3.967
19/04/2022,12:13,3.967
19/04/2022,12:43,3.967
19/04/2022,13:13,3.967
19/04/2022,13:43,3.967
19/04/2022,14:13,3.967
19/04/2022,14:43,3.967
19/04/2022,15:13,3.967
19/04/2022,15:43,3.967
19/04/2022,16:13,3.967
19/04/2022,16:43,3.967
19/04/2022,17:13,3.967
19/04/2022,17:43,3.967
19/04/2022,18:13,3.967
19/04/2022,18:43,3.967
19/04/2022,19:13,3.967
19/04/2022,19:43,3.967
19/04/2022,20:13,3.967
19/04/2022,20:43,3.967
19/04/2022,21:13,3.967
19/04/2022,21:43,3.967
19/04/2022,22:13,3.967
19/04/2022,22:43,3.967
19/04/2022,23:13,3.967
19/04/2022,23:43,3.967
20/04/2022,00:13,3.967
20/04/2022,00:43,3.967
20/04/2022,01:13,3.967
20/04/2022,01:43,3.967
20/04/2022,02:13,3.967
20/04/2022,02:43,3.967
20/04/2022,03:13,3.967
20/04/2022,03:43,3.967
20/04/2022,04:13,3.967
20/04/2022,04:43,3.967
20/04/2022,05:13,3.967
20/04/2022,05:43,3.967
20/04/2022,06:13,3.967
20/04/2022,06:43,3.967
20/04/2022,07:13,3.967
20/04/2022,07:43,3.967
20/04/2022,08:13,3.967
20/04/2022,08:43,3.967
20/04/2022,09:13,3.967
20/04/2022,09:43,3.967
20/04/2022,10:13,3.967
20/04/2022,10:43,3.967
20/04/2022,11:13,3.967
20/04/2022,11:43,3.967
20/04/2022,12:13,3.967
20/04/2022,12:43,3.967
20/04/2022,13:13,3.967
20/04/2022,13:43,4.173
20/04/2022,14:13,4.173
20/04/2022,14:43,3.967
20/04/2022,15:13,3.967
20/04/2022,15:43,3.967
20/04/2022,16:13,3.967
20/04/2022,16:43,3.967
20/04/2022,17:13,3.967
20/04/2022,17:43,3.967
20/04/2022,18:13,3.967
20/04/2022,18:43,3.967
20/04/2022,19:13,3.967
20/04/2022,19:43,3.967
20/04/2022,20:13,3.967
20/04/2022,20:43,3.967
20/04/2022,21:13,3.967
20/04/2022,21:43,3.967
20/04/2022,22:13,3.967
20/04/2022,22:43,3.967
20/04/2022,23:13,3.967
20/04/2022,23:43,3.967
21/04/2022,00:13,3.967
21/04/2022,00:43,3.967
21/04/2022,01:13,3.967
21/04/2022,01:43,3.967
21/04/2022,02:13,3.967
21/04/2022,02:43,3.967
21/04/2022,03:13,3.967
21/04/2022,03:43,3.967
21/04/2022,04:13,3.967
21/04/2022,04:43,3.967
21/04/2022,05:13,3.967
21/04/2022,05:43,4.173
21/04/2022,06:13,4.173
21/04/2022,06:43,4.173
21/04/2022,07:13,4.173
21/04/2022,07:43,4.378
21/04/2022,08:13,4.612
21/04/2022,08:43,4.846
21/04/2022,09:13,5.081
21/04/2022,09:43,5.315
21/04/2022,10:13,6.601
21/04/2022,10:43,10.273
21/04/2022,11:13,16.045
21/04/2022,11:43,22.070
21/04/2022,12:13,34.534
21/04/2022,12:43,51.904
21/04/2022,13:13,63.261
21/04/2022,13:43,69.629
21/04/2022,14:13,71.068
21/04/2022,14:43,68.190
21/04/2022,15:13,63.950
21/04/2022,15:43,59.156
21/04/2022,16:13,55.155
21/04/2022,16:43,51.904
21/04/2022,17:13,48.100
21/04/2022,17:43,45.629
21/04/2022,18:13,42.604
21/04/2022,18:43,40.238
21/04/2022,19:13,37.917
21/04/2022,19:43,36.211
21/04/2022,20:13,35.088
21/04/2022,20:43,33.427
21/04/2022,21:13,31.795
21/04/2022,21:43,30.718
21/04/2022,22:13,29.132
21/04/2022,22:43,28.608
21/04/2022,23:13,27.561
21/04/2022,23:43,26.543
22/04/2022,00:13,26.035
22/04/2022,00:43,25.017
22/04/2022,01:13,24.523
22/04/2022,01:43,24.030
22/04/2022,02:13,23.043
22/04/2022,02:43,22.549
22/04/2022,03:13,22.070
22/04/2022,03:43,21.592
22/04/2022,04:13,21.113
22/04/2022,04:43,20.635
22/04/2022,05:13,20.156
22/04/2022,05:43,19.693
22/04/2022,06:13,19.229
22/04/2022,06:43,18.766
22/04/2022,07:13,18.766
22/04/2022,07:43,18.302
22/04/2022,08:13,18.302
22/04/2022,08:43,17.839
22/04/2022,09:13,17.390
22/04/2022,09:43,17.390
22/04/2022,10:13,16.942
22/04/2022,10:43,16.942
22/04/2022,11:13,16.942
22/04/2022,11:43,16.493
22/04/2022,12:13,16.493
22/04/2022,12:43,16.493
22/04/2022,13:13,16.493
22/04/2022,13:43,16.493
22/04/2022,14:13,16.493
22/04/2022,14:43,16.493
22/04/2022,15:13,16.942
22/04/2022,15:43,16.942
22/04/2022,16:13,16.942
22/04/2022,16:43,16.942
22/04/2022,17:13,16.942
22/04/2022,17:43,16.942
22/04/2022,18:13,16.942
22/04/2022,18:43,16.942
22/04/2022,19:13,16.942
22/04/2022,19:43,16.493
22/04/2022,20:13,16.493
22/04/2022,20:43,16.493
22/04/2022,21:13,16.045
22/04/2022,21:43,16.045
22/04/2022,22:13,16.045
22/04/2022,22:43,16.493
22/04/2022,23:13,16.942
22/04/2022,23:43,17.390
23/04/2022,00:13,17.839
23/04/2022,00:43,18.766
23/04/2022,01:13,20.156
23/04/2022,01:43,24.523
23/04/2022,02:13,39.654
23/04/2022,02:43,65.358
23/04/2022,03:13,83.090
23/04/2022,03:43,91.800
23/04/2022,04:13,94.229
23/04/2022,04:43,93.419
23/04/2022,05:13,90.991
23/04/2022,05:43,87.003
23/04/2022,06:13,81.545
23/04/2022,06:43,76.239
23/04/2022,07:13,71.068
23/04/2022,07:43,66.767
23/04/2022,08:13,62.572
23/04/2022,08:43,59.156
23/04/2022,09:13,56.474
23/04/2022,09:43,54.496
23/04/2022,10:13,52.549
23/04/2022,10:43,51.904
23/04/2022,11:13,51.904
23/04/2022,11:43,52.549
23/04/2022,12:13,54.496
23/04/2022,12:43,57.133
23/04/2022,13:13,60.504
23/04/2022,13:43,63.261
23/04/2022,14:13,65.358
23/04/2022,14:43,65.358
23/04/2022,15:13,65.358
23/04/2022,15:43,63.261
23/04/2022,16:13,61.882
23/04/2022,16:43,59.830
23/04/2022,17:13,58.481
23/04/2022,17:43,57.807
23/04/2022,18:13,57.133
23/04/2022,18:43,56.474
23/04/2022,19:13,55.155
23/04/2022,19:43,53.837
23/04/2022,20:13,51.904
23/04/2022,20:43,50.616
23/04/2022,21:13,49.358
23/04/2022,21:43,48.729
23/04/2022,22:13,48.100
23/04/2022,22:43,48.100
23/04/2022,23:13,48.729
23/04/2022,23:43,49.358
24/04/2022,00:13,49.987
24/04/2022,00:43,50.616
24/04/2022,01:13,50.616
24/04/2022,01:43,51.260
24/04/2022,02:13,51.904
24/04/2022,02:43,52.549
24/04/2022,03:13,53.193
24/04/2022,03:43,53.193
24/04/2022,04:13,52.549
24/04/2022,04:43,51.260
24/04/2022,05:13,50.616
24/04/2022,05:43,49.987
24/04/2022,06:13,48.729
24/04/2022,06:43,47.471
24/04/2022,07:13,46.857
24/04/2022,07:43,45.629
24/04/2022,08:13,45.015
24/04/2022,08:43,44.401
24/04/2022,09:13,43.802
24/04/2022,09:43,43.203
24/04/2022,10:13,43.203
24/04/2022,10:43,42.604
24/04/2022,11:13,41.406
24/04/2022,11:43,40.822
24/04/2022,12:13,39.654
24/04/2022,12:43,39.070
24/04/2022,13:13,38.486
24/04/2022,13:43,37.917
24/04/2022,14:13,38.486
24/04/2022,14:43,39.070
24/04/2022,15:13,40.238
24/04/2022,15:43,42.005
24/04/2022,16:13,44.401
24/04/2022,16:43,46.243
24/04/2022,17:13,48.729
24/04/2022,17:43,49.987
24/04/2022,18:13,50.616
24/04/2022,18:43,51.260
24/04/2022,19:13,51.260
24/04/2022,19:43,50.616
24/04/2022,20:13,50.616
24/04/2022,20:43,49.358
24/04/2022,21:13,48.729
24/04/2022,21:43,47.471
24/04/2022,22:13,46.243
24/04/2022,22:43,45.015
24/04/2022,23:13,43.802
24/04/2022,23:43,42.604
25/04/2022,00:13,41.406
25/04/2022,00:43,40.238
25/04/2022,01:13,39.654
25/04/2022,01:43,38.486
25/04/2022,02:13,37.917
25/04/2022,02:43,37.348
25/04/2022,03:13,36.780
25/04/2022,03:43,35.642
25/04/2022,04:13,35.088
25/04/2022,04:43,34.534
25/04/2022,05:13,34.534
25/04/2022,05:43,33.981
25/04/2022,06:13,33.427
25/04/2022,06:43,32.873
25/04/2022,07:13,32.334
25/04/2022,07:43,32.334
25/04/2022,08:13,31.795
25/04/2022,08:43,31.257
25/04/2022,09:13,31.257
25/04/2022,09:43,30.718
25/04/2022,10:13,30.718
25/04/2022,10:43,30.718
25/04/2022,11:13,30.718
25/04/2022,11:43,30.718
25/04/2022,12:13,30.718
25/04/2022,12:43,31.257
25/04/2022,13:13,31.257
25/04/2022,13:43,31.795
25/04/2022,14:13,31.795
25/04/2022,14:43,32.334
25/04/2022,15:13,32.873
25/04/2022,15:43,33.427
25/04/2022,16:13,33.981
25/04/2022,16:43,34.534
25/04/2022,17:13,34.534
25/04/2022,17:43,34.534
25/04/2022,18:13,34.534
25/04/2022,18:43,35.088
25/04/2022,19:13,35.642
25/04/2022,19:43,36.780
25/04/2022,20:13,37.917
25/04/2022,20:43,39.070
25/04/2022,21:13,40.822
25/04/2022,21:43,44.401
25/04/2022,22:13,49.987
25/04/2022,22:43,58.481
25/04/2022,23:13,71.068
25/04/2022,23:43,85.428
26/04/2022,00:13,99.192
26/04/2022,00:43,109.434
26/04/2022,01:13,116.499
26/04/2022,01:43,120.099
26/04/2022,02:13,120.099
26/04/2022,02:43,118.299
26/04/2022,03:13,114.714
26/04/2022,03:43,108.565
26/04/2022,04:13,103.406
26/04/2022,04:43,96.703
26/04/2022,05:13,91.800
26/04/2022,05:43,86.208
26/04/2022,06:13,81.545
26/04/2022,06:43,76.988
26/04/2022,07:13,72.537
26/04/2022,07:43,68.910
26/04/2022,08:13,66.063
26/04/2022,08:43,63.261
26/04/2022,09:13,60.504
26/04/2022,09:43,58.481
26/04/2022,10:13,57.133
26/04/2022,10:43,55.155
26/04/2022,11:13,53.193
26/04/2022,11:43,51.904
26/04/2022,12:13,50.616
26/04/2022,12:43,48.729
26/04/2022,13:13,47.471
26/04/2022,13:43,46.243
26/04/2022,14:13,45.015
26/04/2022,14:43,43.802
26/04/2022,15:13,42.604
26/04/2022,15:43,42.005
26/04/2022,16:13,40.822
26/04/2022,16:43,40.238
26/04/2022,17:13,39.070
26/04/2022,17:43,38.486
26/04/2022,18:13,37.917
26/04/2022,18:43,37.348
26/04/2022,19:13,36.780
26/04/2022,19:43,36.211
26/04/2022,20:13,35.642
26/04/2022,20:43,35.088
26/04/2022,21:13,33.981
26/04/2022,21:43,33.427
26/04/2022,22:13,32.873
26/04/2022,22:43,32.334
26/04/2022,23:13,31.795
26/04/2022,23:43,31.257
27/04/2022,00:13,30.718
27/04/2022,00:43,30.179
27/04/2022,01:13,29.655
27/04/2022,01:43,29.132
27/04/2022,02:13,29.132
27/04/2022,02:43,28.608
27/04/2022,03:13,28.085
27/04/2022,03:43,27.561
27/04/2022,04:13,27.561
27/04/2022,04:43,27.561
27/04/2022,05:13,27.561
27/04/2022,05:43,27.561
27/04/2022,06:13,27.561
27/04/2022,06:43,28.085
27/04/2022,07:13,28.608
27/04/2022,07:43,29.655
27/04/2022,08:13,31.257
27/04/2022,08:43,32.873
27/04/2022,09:13,34.534
27/04/2022,09:43,36.211
27/04/2022,10:13,37.348
27/04/2022,10:43,37.917
27/04/2022,11:13,39.070
27/04/2022,11:43,39.654
27/04/2022,12:13,40.238
27/04/2022,12:43,40.822
27/04/2022,13:13,40.822
27/04/2022,13:43,41.406
27/04/2022,14:13,41.406
27/04/2022,14:43,40.822
27/04/2022,15:13,40.238
27/04/2022,15:43,40.238
27/04/2022,16:13,39.654
27/04/2022,16:43,39.070
27/04/2022,17:13,38.486
27/04/2022,17:43,37.917
27/04/2022,18:13,37.348
27/04/2022,18:43,36.780
27/04/2022,19:13,36.211
27/04/2022,19:43,35.642
27/04/2022,20:13,35.088
27/04/2022,20:43,35.088
27/04/2022,21:13,35.088
27/04/2022,21:43,35.088
27/04/2022,22:13,34.534
27/04/2022,22:43,33.981
27/04/2022,23:13,33.981
27/04/2022,23:43,33.427
28/04/2022,00:13,33.427
28/04/2022,00:43,32.873
28/04/2022,01:13,32.334
28/04/2022,01:43,31.795
28/04/2022,02:13,31.257
28/04/2022,02:43,30.718
28/04/2022,03:13,30.718
28/04/2022,03:43,30.179
28/04/2022,04:13,29.655
28/04/2022,04:43,29.132
28/04/2022,05:13,28.608
28/04/2022,05:43,28.608
28/04/2022,06:13,28.085
28/04/2022,06:43,27.561
28/04/2022,07:13,27.052
28/04/2022,07:43,27.052
28/04/2022,08:13,26.543
28/04/2022,08:43,26.035
28/04/2022,09:13,26.035
28/04/2022,09:43,25.526
28/04/2022,10:13,25.526
28/04/2022,10:43,25.017
28/04/2022,11:13,24.523
28/04/2022,11:43,24.523
28/04/2022,12:13,24.030
28/04/2022,12:43,24.030
28/04/2022,13:13,23.536
28/04/2022,13:43,23.536
28/04/2022,14:13,23.043
28/04/2022,14:43,23.043
28/04/2022,15:13,22.549
28/04/2022,15:43,22.549
28/04/2022,16:13,22.070
28/04/2022,16:43,22.070
28/04/2022,17:13,22.070
28/04/2022,17:43,21.592
28/04/2022,18:13,21.592
28/04/2022,18:43,21.113
28/04/2022,19:13,21.113
28/04/2022,19:43,20.635
28/04/2022,20:13,20.635
28/04/2022,20:43,20.156
28/04/2022,21:13,20.156
28/04/2022,21:43,20.156
28/04/2022,22:13,19.693
28/04/2022,22:43,19.693
28/04/2022,23:13,19.693
28/04/2022,23:43,19.229
29/04/2022,00:13,19.229
29/04/2022,00:43,19.229
29/04/2022,01:13,18.766
29/04/2022,01:43,18.766
29/04/2022,02:13,18.766
29/04/2022,02:43,18.302
29/04/2022,03:13,18.302
29/04/2022,03:43,17.839
29/04/2022,04:13,17.839
29/04/2022,04:43,17.839
29/04/2022,05:13,17.390
29/04/2022,05:43,17.390
29/04/2022,06:13,17.390
29/04/2022,06:43,16.942
29/04/2022,07:13,16.942
29/04/2022,07:43,16.942
29/04/2022,08:13,16.942
29/04/2022,08:43,16.493
29/04/2022,09:13,16.493
29/04/2022,09:43,16.493
29/04/2022,10:13,16.045
29/04/2022,10:43,16.045
29/04/2022,11:13,16.045
29/04/2022,11:43,16.045
29/04/2022,12:13,15.596
29/04/2022,12:43,15.596
29/04/2022,13:13,15.596
29/04/2022,13:43,15.189
29/04/2022,14:13,15.189
29/04/2022,14:43,15.189
29/04/2022,15:13,14.781
29/04/2022,15:43,14.781
29/04/2022,16:13,14.781
29/04/2022,16:43,14.781
29/04/2022,17:13,14.374
29/04/2022,17:43,14.374
29/04/2022,18:13,14.374
29/04/2022,18:43,14.374
29/04/2022,19:13,13.966
29/04/2022,19:43,13.966
29/04/2022,20:13,13.966
29/04/2022,20:43,13.966
29/04/2022,21:13,13.559
29/04/2022,21:43,13.559
29/04/2022,22:13,13.559
29/04/2022,22:43,13.559
29/04/2022,23:13,13.181
29/04/2022,23:43,13.181
30/04/2022,00:13,13.181
30/04/2022,00:43,13.181
30/04/2022,01:13,12.803
30/04/2022,01:43,12.803
30/04/2022,02:13,12.803
30/04/2022,02:43,12.803
30/04/2022,03:13,12.803
30/04/2022,03:43,12.425
30/04/2022,04:13,12.425
30/04/2022,04:43,12.425
30/04/2022,05:13,12.425
30/04/2022,05:43,12.047
30/04/2022,06:13,12.047
30/04/2022,06:43,12.047
30/04/2022,07:13,12.047
30/04/2022,07:43,12.047
30/04/2022,08:13,11.669
30/04/2022,08:43,11.669
30/04/2022,09:13,11.669
30/04/2022,09:43,11.669
30/04/2022,10:13,11.669
30/04/2022,10:43,11.669
30/04/2022,11:13,11.320
30/04/2022,11:43,11.320
30/04/2022,12:13,11.320
30/04/2022,12:43,11.320
30/04/2022,13:13,11.320
30/04/2022,13:43,10.971
30/04/2022,14:13,10.971
30/04/2022,14:43,10.971
30/04/2022,15:13,10.971
30/04/2022,15:43,10.971
30/04/2022,16:13,10.971
30/04/2022,16:43,10.622
30/04/2022,17:13,10.622
30/04/2022,17:43,10.622
30/04/2022,18:13,10.622
30/04/2022,18:43,10.622
30/04/2022,19:13,10.622
30/04/2022,19:43,10.273
30/04/2022,20:13,10.273
30/04/2022,20:43,10.273
30/04/2022,21:13,10.273
30/04/2022,21:43,10.273
30/04/2022,22:13,10.273
30/04/2022,22:43,9.924
30/04/2022,23:13,9.924
30/04/2022,23:43,9.924
01/05/2022,00:13,9.924
01/05/2022,00:43,9.924
01/05/2022,01:13,9.924
01/05/2022,01:43,9.924
01/05/2022,02:13,9.924
01/05/2022,02:43,9.924
01/05/2022,03:13,9.604
01/05/2022,03:43,9.604
01/05/2022,04:13,9.604
01/05/2022,04:43,9.604
01/05/2022,05:13,9.604
01/05/2022,05:43,9.604
01/05/2022,06:13,9.604
01/05/2022,06:43,9.604
01/05/2022,07:13,9.604
01/05/2022,07:43,9.604
01/05/2022,08:13,9.604
01/05/2022,08:43,9.604
01/05/2022,09:13,9.604
01/05/2022,09:43,9.604
01/05/2022,10:13,9.604
01/05/2022,10:43,9.604
01/05/2022,11:13,9.283
01/05/2022,11:43,9.283
01/05/2022,12:13,9.283
01/05/2022,12:43,9.283
01/05/2022,13:13,9.283
01/05/2022,13:43,9.283
01/05/2022,14:13,9.283
01/05/2022,14:43,9.283
01/05/2022,15:13,9.283
01/05/2022,15:43,8.963
01/05/2022,16:13,8.963
01/05/2022,16:43,8.963
01/05/2022,17:13,8.963
01/05/2022,17:43,8.963
01/05/2022,18:13,8.963
01/05/2022,18:43,8.963
01/05/2022,19:13,8.963
01/05/2022,19:43,8.642
01/05/2022,20:13,8.642
01/05/2022,20:43,8.642
01/05/2022,21:13,8.642
01/05/2022,21:43,8.642
01/05/2022,22:13,8.642
01/05/2022,22:43,8.642
01/05/2022,23:13,8.642
01/05/2022,23:43,8.642
02/05/2022,00:13,8.642
02/05/2022,00:43,8.642
02/05/2022,01:13,8.642
02/05/2022,01:43,8.642
02/05/2022,02:13,8.322
02/05/2022,02:43,8.322
02/05/2022,03:13,8.322
02/05/2022,03:43,8.322
02/05/2022,04:13,8.322
02/05/2022,04:43,8.322
02/05/2022,05:13,8.322
02/05/2022,05:43,8.322
02/05/2022,06:13,8.322
02/05/2022,06:43,8.030
02/05/2022,07:13,8.030
02/05/2022,07:43,8.030
02/05/2022,08:13,8.030
02/05/2022,08:43,8.030
02/05/2022,09:13,8.030
02/05/2022,09:43,8.030
02/05/2022,10:13,8.030
02/05/2022,10:43,8.030
02/05/2022,11:13,8.030
02/05/2022,11:43,7.739
02/05/2022,12:13,7.739
02/05/2022,12:43,7.739
02/05/2022,13:13,7.739
02/05/2022,13:43,7.739
02/05/2022,14:13,7.739
02/05/2022,14:43,7.739
02/05/2022,15:13,7.739
02/05/2022,15:43,7.739
02/05/2022,16:13,7.739
02/05/2022,16:43,7.739
02/05/2022,17:13,7.447
02/05/2022,17:43,7.447
02/05/2022,18:13,7.447
02/05/2022,18:43,7.447
02/05/2022,19:13,7.447
02/05/2022,19:43,7.447
02/05/2022,20:13,7.447
02/05/2022,20:43,7.447
02/05/2022,21:13,7.447
02/05/2022,21:43,7.447
02/05/2022,22:13,7.156
02/05/2022,22:43,7.156
02/05/2022,23:13,7.156
02/05/2022,23:43,7.156
03/05/2022,00:13,7.156
03/05/2022,00:43,7.156
03/05/2022,01:13,7.156
03/05/2022,01:43,7.156
03/05/2022,02:13,7.156
03/05/2022,02:43,7.156
03/05/2022,03:13,7.156
03/05/2022,03:43,7.156
03/05/2022,04:13,6.864
03/05/2022,04:43,6.864
03/05/2022,05:13,6.864
03/05/2022,05:43,6.864
03/05/2022,06:13,6.864
03/05/2022,06:43,6.864
03/05/2022,07:13,6.864
03/05/2022,07:43,6.864
03/05/2022,08:13,6.864
03/05/2022,08:43,6.864
03/05/2022,09:13,6.864
03/05/2022,09:43,6.864
03/05/2022,10:13,6.864
03/05/2022,10:43,6.864
03/05/2022,11:13,6.864
03/05/2022,11:43,6.864
03/05/2022,12:13,6.601
03/05/2022,12:43,6.601
03/05/2022,13:13,6.601
03/05/2022,13:43,6.601
03/05/2022,14:13,6.601
03/05/2022,14:43,6.601
03/05/2022,15:13,6.601
03/05/2022,15:43,6.601
03/05/2022,16:13,6.601
03/05/2022,16:43,6.601
03/05/2022,17:13,6.601
03/05/2022,17:43,6.601
03/05/2022,18:13,6.601
03/05/2022,18:43,6.601
03/05/2022,19:13,6.601
03/05/2022,19:43,6.601
03/05/2022,20:13,6.601
03/05/2022,20:43,6.338
03/05/2022,21:13,6.338
03/05/2022,21:43,6.338
03/05/2022,22:13,6.338
03/05/2022,22:43,6.338
03/05/2022,23:13,6.338
03/05/2022,23:43,6.338
04/05/2022,00:13,6.338
04/05/2022,00:43,6.338
04/05/2022,01:13,6.338
04/05/2022,01:43,6.338
04/05/2022,02:13,6.338
04/05/2022,02:43,6.338
04/05/2022,03:13,6.338
04/05/2022,03:43,6.338
04/05/2022,04:13,6.601
04/05/2022,04:43,6.601
04/05/2022,05:13,6.338
04/05/2022,05:43,6.601
04/05/2022,06:13,6.601
04/05/2022,06:43,6.601
04/05/2022,07:13,6.601
04/05/2022,07:43,6.601
04/05/2022,08:13,6.601
04/05/2022,08:43,6.601
04/05/2022,09:13,6.864
04/05/2022,09:43,6.864
04/05/2022,10:13,6.864
04/05/2022,10:43,6.864
04/05/2022,11:13,6.864
04/05/2022,11:43,6.864
04/05/2022,12:13,6.864
04/05/2022,12:43,7.156
04/05/2022,13:13,6.864
04/05/2022,13:43,6.864
04/05/2022,14:13,6.864
04/05/2022,14:43,7.156
04/05/2022,15:13,7.156
04/05/2022,15:43,7.156
04/05/2022,16:13,7.156
04/05/2022,16:43,7.156
04/05/2022,17:13,7.156
04/05/2022,17:43,7.156
04/05/2022,18:13,7.447
04/05/2022,18:43,7.447
04/05/2022,19:13,7.447
04/05/2022,19:43,7.447
04/05/2022,20:13,7.739
04/05/2022,20:43,7.739
04/05/2022,21:13,7.739
04/05/2022,21:43,7.739
04/05/2022,22:13,8.030
04/05/2022,22:43,8.030
04/05/2022,23:13,8.030
04/05/2022,23:43,8.322
05/05/2022,00:13,8.322
05/05/2022,00:43,8.322
05/05/2022,01:13,8.322
05/05/2022,01:43,8.322
05/05/2022,02:13,8.322
05/05/2022,02:43,8.322
05/05/2022,03:13,8.322
05/05/2022,03:43,8.322
05/05/2022,04:13,8.030
05/05/2022,04:43,8.030
05/05/2022,05:13,8.030
05/05/2022,05:43,8.030
05/05/2022,06:13,8.030
05/05/2022,06:43,7.739
05/05/2022,07:13,7.739
05/05/2022,07:43,7.739
05/05/2022,08:13,7.739
05/05/2022,08:43,7.739
05/05/2022,09:13,7.739
05/05/2022,09:43,7.739
05/05/2022,10:13,7.447
05/05/2022,10:43,7.447
05/05/2022,11:13,7.447
05/05/2022,11:43,7.447
05/05/2022,12:13,7.447
05/05/2022,12:43,7.447
05/05/2022,13:13,7.447
05/05/2022,13:43,7.447
05/05/2022,14:13,7.447
05/05/2022,14:43,7.447
05/05/2022,15:13,7.447
05/05/2022,15:43,7.447
05/05/2022,16:13,7.447
05/05/2022,16:43,7.447
05/05/2022,17:13,7.447
05/05/2022,17:43,7.447
05/05/2022,18:13,7.739
05/05/2022,18:43,7.739
05/05/2022,19:13,7.739
05/05/2022,19:43,7.739
05/05/2022,20:13,7.739
05/05/2022,20:43,8.030
05/05/2022,21:13,8.322
05/05/2022,21:43,8.642
05/05/2022,22:13,8.963
05/05/2022,22:43,9.283
05/05/2022,23:13,9.604
05/05/2022,23:43,9.604
06/05/2022,00:13,9.604
06/05/2022,00:43,9.604
06/05/2022,01:13,9.604
06/05/2022,01:43,9.604
06/05/2022,02:13,9.604
06/05/2022,02:43,9.604
06/05/2022,03:13,9.604
06/05/2022,03:43,9.604
06/05/2022,04:13,9.283
06/05/2022,04:43,9.283
06/05/2022,05:13,9.283
06/05/2022,05:43,8.963
06/05/2022,06:13,8.963
06/05/2022,06:43,8.642
06/05/2022,07:13,8.642
06/05/2022,07:43,8.642
06/05/2022,08:13,8.322
06/05/2022,08:43,8.322
06/05/2022,09:13,8.322
06/05/2022,09:43,8.030
06/05/2022,10:13,8.030
06/05/2022,10:43,8.030
06/05/2022,11:13,8.030
06/05/2022,11:43,7.739
06/05/2022,12:13,7.739
06/05/2022,12:43,7.739
06/05/2022,13:13,7.739
06/05/2022,13:43,7.739
06/05/2022,14:13,7.447
06/05/2022,14:43,7.447
06/05/2022,15:13,7.447
06/05/2022,15:43,7.447
06/05/2022,16:13,7.447
06/05/2022,16:43,7.447
06/05/2022,17:13,7.156
06/05/2022,17:43,7.156
06/05/2022,18:13,7.156
06/05/2022,18:43,7.156
06/05/2022,19:13,7.156
06/05/2022,19:43,7.156
06/05/2022,20:13,6.864
06/05/2022,20:43,6.864
06/05/2022,21:13,6.864
06/05/2022,21:43,6.864
06/05/2022,22:13,6.864
06/05/2022,22:43,6.864
06/05/2022,23:13,6.601
06/05/2022,23:43,6.601
07/05/2022,00:13,6.601
07/05/2022,00:43,6.601
07/05/2022,01:13,6.601
07/05/2022,01:43,6.601
07/05/2022,02:13,6.601
07/05/2022,02:43,6.338
07/05/2022,03:13,6.338
07/05/2022,03:43,6.338
07/05/2022,04:13,6.338
07/05/2022,04:43,6.338
07/05/2022,05:13,6.338
07/05/2022,05:43,6.338
07/05/2022,06:13,6.338
07/05/2022,06:43,6.338
07/05/2022,07:13,6.075
07/05/2022,07:43,6.075
07/05/2022,08:13,6.075
07/05/2022,08:43,6.075
07/05/2022,09:13,6.075
07/05/2022,09:43,6.075
07/05/2022,10:13,6.075
07/05/2022,10:43,6.075
07/05/2022,11:13,6.075
07/05/2022,11:43,6.075
07/05/2022,12:13,6.075
07/05/2022,12:43,6.075
07/05/2022,13:13,5.812
07/05/2022,13:43,5.812
07/05/2022,14:13,5.812
07/05/2022,14:43,5.812
07/05/2022,15:13,5.812
07/05/2022,15:43,5.812
07/05/2022,16:13,5.812
07/05/2022,16:43,5.812
07/05/2022,17:13,5.812
07/05/2022,17:43,5.812
07/05/2022,18:13,5.812
07/05/2022,18:43,5.812
07/05/2022,19:13,5.812
07/05/2022,19:43,5.812
07/05/2022,20:13,5.812
07/05/2022,20:43,5.812
07/05/2022,21:13,5.549
07/05/2022,21:43,5.549
07/05/2022,22:13,5.549
07/05/2022,22:43,5.549
07/05/2022,23:13,5.549
07/05/2022,23:43,5.549
08/05/2022,00:13,5.549
08/05/2022,00:43,5.549
08/05/2022,01:13,5.549
08/05/2022,01:43,5.549
08/05/2022,02:13,5.549
08/05/2022,02:43,5.549
08/05/2022,03:13,5.549
08/05/2022,03:43,5.549
08/05/2022,04:13,5.549
08/05/2022,04:43,5.549
08/05/2022,05:13,5.812
08/05/2022,05:43,5.812
08/05/2022,06:13,5.812
08/05/2022,06:43,5.812
08/05/2022,07:13,5.812
08/05/2022,07:43,5.812
08/05/2022,08:13,6.075
08/05/2022,08:43,6.075
08/05/2022,09:13,6.338
08/05/2022,09:43,6.601
08/05/2022,10:13,6.864
08/05/2022,10:43,7.156
08/05/2022,11:13,7.447
08/05/2022,11:43,7.739
08/05/2022,12:13,8.642
08/05/2022,12:43,9.604
08/05/2022,13:13,9.604
08/05/2022,13:43,9.604
08/05/2022,14:13,9.604
08/05/2022,14:43,9.924
08/05/2022,15:13,9.924
08/05/2022,15:43,9.924
08/05/2022,16:13,9.924
08/05/2022,16:43,9.924
08/05/2022,17:13,9.924
08/05/2022,17:43,9.924
08/05/2022,18:13,9.924
08/05/2022,18:43,9.604
08/05/2022,19:13,9.604
08/05/2022,19:43,9.604
08/05/2022,20:13,9.604
08/05/2022,20:43,9.604
08/05/2022,21:13,9.283
08/05/2022,21:43,9.283
08/05/2022,22:13,9.283
08/05/2022,22:43,8.963
08/05/2022,23:13,8.963
08/05/2022,23:43,8.963
09/05/2022,00:13,8.642
09/05/2022,00:43,8.642
09/05/2022,01:13,8.642
09/05/2022,01:43,8.322
09/05/2022,02:13,8.322
09/05/2022,02:43,8.322
09/05/2022,03:13,8.030
09/05/2022,03:43,8.030
09/05/2022,04:13,8.030
09/05/2022,04:43,8.030
09/05/2022,05:13,7.739
09/05/2022,05:43,7.739
09/05/2022,06:13,7.739
09/05/2022,06:43,7.739
09/05/2022,07:13,7.739
09/05/2022,07:43,7.447
09/05/2022,08:13,7.447
09/05/2022,08:43,7.447
09/05/2022,09:13,7.447
09/05/2022,09:43,7.447
09/05/2022,10:13,7.447
09/05/2022,10:43,7.156
09/05/2022,11:13,7.156
09/05/2022,11:43,7.156
09/05/2022,12:13,7.156
09/05/2022,12:43,7.156
09/05/2022,13:13,6.864
09/05/2022,13:43,6.864
09/05/2022,14:13,6.864
09/05/2022,14:43,6.864
09/05/2022,15:13,6.864
09/05/2022,15:43,6.864
09/05/2022,16:13,6.864
09/05/2022,16:43,6.864
09/05/2022,17:13,6.601
09/05/2022,17:43,6.601
09/05/2022,18:13,6.601
09/05/2022,18:43,6.601
09/05/2022,19:13,6.601
09/05/2022,19:43,6.601
09/05/2022,20:13,6.601
09/05/2022,20:43,6.601
09/05/2022,21:13,6.601
09/05/2022,21:43,6.338
09/05/2022,22:13,6.338
09/05/2022,22:43,6.338
09/05/2022,23:13,6.338
09/05/2022,23:43,6.338
10/05/2022,00:13,6.338
10/05/2022,00:43,6.338
10/05/2022,01:13,6.338
10/05/2022,01:43,6.075
10/05/2022,02:13,6.075
10/05/2022,02:43,6.075
10/05/2022,03:13,6.075
10/05/2022,03:43,6.075
10/05/2022,04:13,6.075
10/05/2022,04:43,6.075
10/05/2022,05:13,6.075
10/05/2022,05:43,6.075
10/05/2022,06:13,6.075
10/05/2022,06:43,6.075
10/05/2022,07:13,6.075
10/05/2022,07:43,5.812
10/05/2022,08:13,5.812
10/05/2022,08:43,5.812
10/05/2022,09:13,5.812
10/05/2022,09:43,5.812
10/05/2022,10:13,5.812
10/05/2022,10:43,5.812
10/05/2022,11:13,5.812
10/05/2022,11:43,5.812
10/05/2022,12:13,5.812
10/05/2022,12:43,5.812
10/05/2022,13:13,5.812
10/05/2022,13:43,5.812
10/05/2022,14:13,5.812
10/05/2022,14:43,5.812
10/05/2022,15:13,5.812
10/05/2022,15:43,5.549
10/05/2022,16:13,5.812
10/05/2022,16:43,5.549
10/05/2022,17:13,5.549
10/05/2022,17:43,5.549
10/05/2022,18:13,5.549
10/05/2022,18:43,5.549
10/05/2022,19:13,5.549
10/05/2022,19:43,5.549
10/05/2022,20:13,5.549
10/05/2022,20:43,5.549
10/05/2022,21:13,5.549
10/05/2022,21:43,5.549
10/05/2022,22:13,5.549
10/05/2022,22:43,5.549
10/05/2022,23:13,5.549
10/05/2022,23:43,5.549
11/05/2022,00:13,5.549
11/05/2022,00:43,5.315
11/05/2022,01:13,5.315
11/05/2022,01:43,5.315
11/05/2022,02:13,5.315
11/05/2022,02:43,5.315
11/05/2022,03:13,5.315
11/05/2022,03:43,5.315
11/05/2022,04:13,5.315
11/05/2022,04:43,5.315
11/05/2022,05:13,5.315
11/05/2022,05:43,5.315
11/05/2022,06:13,5.315
11/05/2022,06:43,5.315
11/05/2022,07:13,5.315
11/05/2022,07:43,5.315
11/05/2022,08:13,5.315
11/05/2022,08:43,5.315
11/05/2022,09:13,5.315
11/05/2022,09:43,5.315
11/05/2022,10:13,5.081
11/05/2022,10:43,5.081
11/05/2022,11:13,5.081
11/05/2022,11:43,5.081
11/05/2022,12:13,5.081
11/05/2022,12:43,5.081
11/05/2022,13:13,5.081
11/05/2022,13:43,5.081
11/05/2022,14:13,5.081
11/05/2022,14:43,5.081
11/05/2022,15:13,5.081
11/05/2022,15:43,5.081
11/05/2022,16:13,5.081
11/05/2022,16:43,5.081
11/05/2022,17:13,5.081
11/05/2022,17:43,5.081
11/05/2022,18:13,5.081
11/05/2022,18:43,5.081
11/05/2022,19:13,5.081
11/05/2022,19:43,5.081
11/05/2022,20:13,5.315
11/05/2022,20:43,5.315
11/05/2022,21:13,5.315
11/05/2022,21:43,5.315
11/05/2022,22:13,5.315
11/05/2022,22:43,5.315
11/05/2022,23:13,5.315
11/05/2022,23:43,5.315
12/05/2022,00:13,5.315
12/05/2022,00:43,5.549
12/05/2022,01:13,5.549
12/05/2022,01:43,5.549
12/05/2022,02:13,5.812
12/05/2022,02:43,5.812
12/05/2022,03:13,5.812
12/05/2022,03:43,6.075
12/05/2022,04:13,6.075
12/05/2022,04:43,6.075
12/05/2022,05:13,6.338
12/05/2022,05:43,6.338
12/05/2022,06:13,6.338
12/05/2022,06:43,6.601
12/05/2022,07:13,6.601
12/05/2022,07:43,6.601
12/05/2022,08:13,6.601
12/05/2022,08:43,6.601
12/05/2022,09:13,6.601
